ID,Type,SKU,Name,Published,"Is featured?","Visibility in catalog","Short description",Description,"Date sale price starts","Date sale price ends","Tax status","Tax class","In stock?",Stock,"Low stock amount","Backorders allowed?","Sold individually?","Weight (lbs)","Length (in)","Width (in)","Height (in)","Allow customer reviews?","Purchase note","Sale price","Regular price",Categories,Tags,"Shipping class",Images,"Download limit","Download expiry days",Parent,"Grouped products",Upsells,Cross-sells,"External URL","Button text",Position,"Tiered pricing type","Tiered pricing minimum product quantity","Fixed Tiered Prices","Percentage Tiered Prices",Brand,"Attribute 1 name","Attribute 1 value(s)","Attribute 1 visible","Attribute 1 global","Attribute 2 name","Attribute 2 value(s)","Attribute 2 visible","Attribute 2 global","Attribute 3 name","Attribute 3 value(s)","Attribute 3 visible","Attribute 3 global","Attribute 4 name","Attribute 4 value(s)","Attribute 4 visible","Attribute 4 global","Attribute 5 name","Attribute 5 value(s)","Attribute 5 visible","Attribute 5 global","Attribute 6 name","Attribute 6 value(s)","Attribute 6 visible","Attribute 6 global","Attribute 7 name","Attribute 7 value(s)","Attribute 7 visible","Attribute 7 global","Attribute 8 name","Attribute 8 value(s)","Attribute 8 visible","Attribute 8 global","Attribute 9 name","Attribute 9 value(s)","Attribute 9 visible","Attribute 9 global","Attribute 10 name","Attribute 10 value(s)","Attribute 10 visible","Attribute 10 global","Attribute 11 name","Attribute 11 value(s)","Attribute 11 visible","Attribute 11 global","Attribute 12 name","Attribute 12 value(s)","Attribute 12 visible","Attribute 12 global","Attribute 13 name","Attribute 13 value(s)","Attribute 13 visible","Attribute 13 global","Attribute 14 name","Attribute 14 value(s)","Attribute 14 visible","Attribute 14 global","Attribute 15 name","Attribute 15 value(s)","Attribute 15 visible","Attribute 15 global","Attribute 16 name","Attribute 16 value(s)","Attribute 16 visible","Attribute 16 global"
,simple,"AXPG-6-G1  2-OZ/KIT","AXPG-6-G1  2-OZ/KIT",1,0,visible,"TOUCH UP KIT H/S TOP COAT H/G GRAY BAC 707 (5 min.)\n\n\n<strong><i>QPL:</i></strong> BAMS 565-009 TYPE I, CLASS A, GRADE B; BMS 10-60, TYPE II, CLASS B, GRADE D; BMS 10-72R, TYPE VI; CMS 565-09, TYPE II CLASS A GRADE B; DMS 2112, COMP C; MIL-C-83286; MIL-C-85285\n\n\n<strong><i>Meets the requirements of:</i></strong> AIMS 04-04-013; BMS 10-60, TYPE I &amp; II, CLASS B, GRADE D; BMS 10-72; DMS 2143, COMP C; MIL-PRF-85285, TYPE I, CLASS H\n\n\n<strong><i>Color specs:</i></strong> BAC  707  GRAY","This High Solids Polyurethane topcoat series, with low VOC, is designed for use on aircraft and other equipment requiring chemical resistance and color retention. When fully cured these coatings exhibit skydrol and mar resistance and meet the most demanding aerospace specifications for chemical resistance, hardness, flexibility, color and gloss retention.\n\n\n<strong><i>QPL:</i></strong> BAMS 565-009 TYPE I, CLASS A, GRADE B; BMS 10-60, TYPE II, CLASS B, GRADE D; BMS 10-72R, TYPE VI; CMS 565-09, TYPE II CLASS A GRADE B; DMS 2112, COMP C; MIL-C-83286; MIL-C-85285\n\n\n<strong><i>Meets the requirements of:</i></strong> AIMS 04-04-013; BMS 10-60, TYPE I &amp;amp; II, CLASS B, GRADE D; BMS 10-72; DMS 2143, COMP C; MIL-PRF-85285, TYPE I, CLASS H\n\n\n<strong><i>Color specs:</i></strong> BAC  707  GRAY<p><b><i>Notice:</i></b> This is a made-to-order product and has a lead time of 3 business days before it can be shiped.</p><hr />",,,taxable,,1,111,,0,0,0.50,8.00,8.00,8.00,0,,,25.43,"PAINTS > COM-TOUCH UP KITS",,,https://jdlindustries.com/wp-content/uploads/hentzen-2oz-1024.jpg,,,,,,,,,0,fixed,1,"5:25.43,25:20.34,50:16.27,100:13.00",,,Color,GRAY,1,1,Weight,0.50,1,1,Manufacturer,HENTZEN,1,1,"Unit of Measure",EA,1,1,UPC,,1,1,Barcode1,PG6G1,1,1,Barcode2,,1,1,"Vendor SKU",PG-6-G1,1,1,Aviation,Yes,1,1,Marine,No,1,1,Industrial,No,1,1,Hazardous,No,1,1,Special packaging,No,1,1,Ship frozen,No,1,1,Family,TOPCOAT,1,1,Lead time,3 business days,1,1,,,,
,simple,"AXPG-6-G1  G2","AXPG-6-G1  G2",1,0,visible,"H/SOLIDS TOPCOAT - GLOSS GRAY BAC-707 2GL KIT\n\n\n<strong><i>QPL:</i></strong> BAMS 565-009 TYPE I, CLASS A, GRADE B; BMS 10-60, TYPE II, CLASS B, GRADE D; BMS 10-72R, TYPE VI; CMS 565-09, TYPE II CLASS A GRADE B; DMS 2112, COMP C; MIL-C-83286; MIL-C-85285\n\n\n<strong><i>Meets the requirements of:</i></strong> AIMS 04-04-013; BMS 10-60, TYPE I &amp; II, CLASS B, GRADE D; BMS 10-72; DMS 2143, COMP C; MIL-PRF-85285, TYPE I, CLASS H\n\n\n<strong><i>Color specs:</i></strong> BAC 707 GRAY","This High Solids Polyurethane topcoat series, with low VOC, is designed for use on aircraft and other equipment requiring chemical resistance and color retention. When fully cured these coatings exhibit skydrol and mar resistance and meet the most demanding aerospace specifications for chemical resistance, hardness, flexibility, color and gloss retention.\n\n\n<strong><i>QPL:</i></strong> BAMS 565-009 TYPE I, CLASS A, GRADE B; BMS 10-60, TYPE II, CLASS B, GRADE D; BMS 10-72R, TYPE VI; CMS 565-09, TYPE II CLASS A GRADE B; DMS 2112, COMP C; MIL-C-83286; MIL-C-85285\n\n\n<strong><i>Meets the requirements of:</i></strong> AIMS 04-04-013; BMS 10-60, TYPE I &amp;amp; II, CLASS B, GRADE D; BMS 10-72; DMS 2143, COMP C; MIL-PRF-85285, TYPE I, CLASS H\n\n\n<strong><i>Color specs:</i></strong> BAC 707 GRAY<p><b><i>Notice:</i></b> This is a made-to-order product and has a lead time of 3 business days before it can be shiped.</p><hr />",,,taxable,,1,5,,0,0,23.00,8.00,14.00,9.00,0,,,463.40,"PAINTS > EXTERIOR",,,https://jdlindustries.com/wp-content/uploads/hentzen-pg-gal-1024.jpg,,,,,,,,,0,fixed,1,"1:308.75,9:249.25,49:211.25",,,Color,GRAY,1,1,Weight,23.00,1,1,Manufacturer,HENTZEN,1,1,"Unit of Measure",GALKIT,1,1,UPC,,1,1,Barcode1,,1,1,Barcode2,,1,1,"Vendor SKU","PG-6-G1, PG6G1",1,1,Aviation,Yes,1,1,Marine,No,1,1,Industrial,No,1,1,Hazardous,No,1,1,Special packaging,No,1,1,Ship frozen,No,1,1,Family,TOPCOAT,1,1,Lead time,3 business days,1,1,,,,
,simple,"AXPG-6-G1 Q2","AXPG-6-G1 Q2",1,0,visible,"H-SOLIDS TOPCOAT ""GLOSS GRAY BAC 707"" BMS 1060 TYII\n\n\n<strong><i>QPL:</i></strong> BAMS 565-009 TYPE I, CLASS A, GRADE B; BMS 10-60, TYPE II, CLASS B, GRADE D; BMS 10-72R, TYPE VI; CMS 565-09, TYPE II CLASS A GRADE B; DMS 2112, COMP C; MIL-C-83286; MIL-C-85285\n\n\n<strong><i>Meets the requirements of:</i></strong> AIMS 04-04-013; BMS 10-60, TYPE I &amp; II, CLASS B, GRADE D; BMS 10-72; DMS 2143, COMP C; MIL-PRF-85285, TYPE I, CLASS H\n\n\n<strong><i>Color specs:</i></strong> BAC 707 GRAY","This High Solids Polyurethane topcoat series, with low VOC, is designed for use on aircraft and other equipment requiring chemical resistance and color retention. When fully cured these coatings exhibit skydrol and mar resistance and meet the most demanding aerospace specifications for chemical resistance, hardness, flexibility, color and gloss retention.\n\n\n<strong><i>QPL:</i></strong> BAMS 565-009 TYPE I, CLASS A, GRADE B; BMS 10-60, TYPE II, CLASS B, GRADE D; BMS 10-72R, TYPE VI; CMS 565-09, TYPE II CLASS A GRADE B; DMS 2112, COMP C; MIL-C-83286; MIL-C-85285\n\n\n<strong><i>Meets the requirements of:</i></strong> AIMS 04-04-013; BMS 10-60, TYPE I &amp;amp; II, CLASS B, GRADE D; BMS 10-72; DMS 2143, COMP C; MIL-PRF-85285, TYPE I, CLASS H\n\n\n<strong><i>Color specs:</i></strong> BAC 707 GRAY<p><b><i>Notice:</i></b> This is a made-to-order product and has a lead time of 3 business days before it can be shiped.</p><hr />",,,taxable,,1,1,,0,0,6.00,8.00,14.00,9.00,0,,,215.00,"PAINTS > EXTERIOR",,,https://jdlindustries.com/wp-content/uploads/hentzen-qrt-1024.jpg,,,,,,,,,0,fixed,1,"1:131.50,9:100.25,33:86.00",,,Color,GRAY,1,1,Weight,6.00,1,1,Manufacturer,HENTZEN,1,1,"Unit of Measure",QRT,1,1,UPC,,1,1,Barcode1,,1,1,Barcode2,,1,1,"Vendor SKU",PG-6-G1,1,1,Aviation,Yes,1,1,Marine,Yes,1,1,Industrial,Yes,1,1,Hazardous,No,1,1,Special packaging,No,1,1,Ship frozen,No,1,1,Family,TOPCOAT,1,1,Lead time,3 business days,1,1,,,,
,simple,HZ08609TUZ-ULVOC-G1,HZ08609TUZ-ULVOC-G1,1,0,visible,"MIL-DLT-53039 TYPE 4 FCS 33446 TAN686A\n\n\n<strong><i>QPL:</i></strong> MIL-DTL-53039 TYPE IV\n\n\n<strong><i>Color specs:</i></strong> TAN FCS# 33446","MIL-DTL-539039E TYPE 1V 1,0 VOC VOHAPS FREE ZENTHANE SILICA FREE POLYMERIC BEAD FLATTENED SINGLE COMPONENT ALIPHATIC POLYURETHANE COATING CHEMICAL AGENT RESISTANT CARC\n\n\n<strong><i>QPL:</i></strong> MIL-DTL-53039 TYPE IV\n\n\n<strong><i>Color specs:</i></strong> TAN FCS# 33446<p><b><i>Notice:</i></b> This is a made-to-order product and has a lead time of 30 business days before it can be shiped.</p><hr />",,,taxable,,1,100,,0,0,23.00,9.00,15.00,9.00,0,,,355.00,"PAINTS > MIL-CARC",,,https://jdlindustries.com/wp-content/uploads/hentzen-mil-gallon-1024.jpg,,,,,,,,,0,fixed,1,"1:355.00,5:328.60,10:304.25",,,Color,,1,1,Weight,23.00,1,1,Manufacturer,HENTZEN,1,1,"Unit of Measure",GALKIT,1,1,UPC,,1,1,Barcode1,"NSN  8010-01-582-728",1,1,Barcode2,,1,1,"Vendor SKU",08609TUZ-UVLOC-G1,1,1,Aviation,Yes,1,1,Marine,No,1,1,Industrial,No,1,1,Hazardous,Yes,1,1,Special packaging,Yes,1,1,Ship frozen,No,1,1,Family,,1,1,Lead time,30 business days,1,1,,,,
,simple,HZ08610KUZ-UVLOC-G1,HZ08610KUZ-UVLOC-G1,1,0,visible,"MIL-DTL-53039 TTYPE 4   FCS 37030\n\n\n<strong><i>QPL:</i></strong> MIL-DTL-53039 TYPE IX","MIL-DTL-53039 TYPE 1V  \n1.0 VOC VOHAPS FREE ZENTHANE SILICA FREE POLYMERIC BEAD FLATTENED SINGLE COMPONENT ALIPHATIC COATING CHEMICAL AGENT RESISTANT CARC NSN NUMBER 8010-01-582-7301 \n\n\n<strong><i>QPL:</i></strong> MIL-DTL-53039 TYPE IX<p><b><i>Notice:</i></b> This is a made-to-order product and has a lead time of 45 business days before it can be shiped.</p><hr />",,,taxable,,1,100,,0,0,23.00,9.00,15.00,9.00,0,,,345.95,"PAINTS > MIL-CARC",,,https://jdlindustries.com/wp-content/uploads/hentzen-mil-gallon-1024.jpg,,,,,,,,,0,fixed,1,"1:349.95,5:321.25,10:296.50",,,Color,,1,1,Weight,23.00,1,1,Manufacturer,HENTZEN,1,1,"Unit of Measure",GAL,1,1,UPC,,1,1,Barcode1,"NSN 8010-582-7301",1,1,Barcode2,,1,1,"Vendor SKU",08610KUZ-UVLOC-G1,1,1,Aviation,Yes,1,1,Marine,No,1,1,Industrial,No,1,1,Hazardous,Yes,1,1,Special packaging,No,1,1,Ship frozen,No,1,1,Family,,1,1,Lead time,45 business days,1,1,,,,
,simple,HZ08625GUZ-B33-G1,HZ08625GUZ-B33-G1,1,0,visible,"MIL-DLT-53039E TYPE IX FS34031\n\n\n<strong><i>QPL:</i></strong> MIL-DTL-53039 TYPE IV / IX\n\n\n<strong><i>Color specs:</i></strong> GREEN FCS# 34031","MAXIMUM 3.5 VOC VOHAP FREE POLYMERIC BEAD FLATTENED \nNSN NUMBER 8010-01-590-7944\n\n\n<strong><i>QPL:</i></strong> MIL-DTL-53039 TYPE IV / IX\n\n\n<strong><i>Color specs:</i></strong> GREEN FCS# 34031<p><b><i>Notice:</i></b> This is a made-to-order product and has a lead time of 40 business days before it can be shiped.</p><hr />",,,taxable,,1,100,,0,0,23.00,9.00,15.00,9.00,0,,,381.95,"PAINTS > MIL-CARC",,,https://jdlindustries.com/wp-content/uploads/hentzen-mil-gallon-1024.jpg,,,,,,,,,0,fixed,1,"1:381.95,5:354.75,10:327.50",,,Color,,1,1,Weight,23.00,1,1,Manufacturer,HENTZEN,1,1,"Unit of Measure",GAL,1,1,UPC,,1,1,Barcode1,,1,1,Barcode2,,1,1,"Vendor SKU","NSN   8010-01-590-7944",1,1,Aviation,Yes,1,1,Marine,No,1,1,Industrial,No,1,1,Hazardous,Yes,1,1,Special packaging,No,1,1,Ship frozen,No,1,1,Family,"CARC COATINGS",1,1,Lead time,40 business days,1,1,,,,
,simple,HZ08628KUZ-B33-G1,HZ08628KUZ-B33-G1,1,0,visible,"MIL-DLT-53039E TYPE IX FS37038 BLACK\n\n\n<strong><i>QPL:</i></strong> MIL-DLT-53039 TYPE IV / IX\n\n\n<strong><i>Color specs:</i></strong> BLACK FCS# 37038","MAXIMUM 3.5 VOC VOHAP FREE POLYMERIC BEAD FLATTENED \n\n\n<strong><i>QPL:</i></strong> MIL-DLT-53039 TYPE IV / IX\n\n\n<strong><i>Color specs:</i></strong> BLACK FCS# 37038<p><b><i>Notice:</i></b> This is a made-to-order product and has a lead time of 3 business days before it can be shiped.</p><hr />",,,taxable,,1,100,,0,0,23.00,9.00,15.00,9.00,0,,,391.50,"PAINTS > MIL-CARC",,,https://jdlindustries.com/wp-content/uploads/hentzen-mil-gallon-1024.jpg,,,,,,,,,0,fixed,1,"1:391.50,5:363.75,10:335.75",,,Color,,1,1,Weight,23.00,1,1,Manufacturer,HENTZEN,1,1,"Unit of Measure",GALKIT,1,1,UPC,,1,1,Barcode1,"NSN 8010-01-576-2880",1,1,Barcode2,,1,1,"Vendor SKU",08628KUZ-B33-G1,1,1,Aviation,Yes,1,1,Marine,No,1,1,Industrial,No,1,1,Hazardous,Yes,1,1,Special packaging,No,1,1,Ship frozen,No,1,1,Family,,1,1,Lead time,3 business days,1,1,,,,
,simple,HZ08633TUA-B33-G1,HZ08633TUA-B33-G1,1,0,visible,"MIL-DTL-53039 TYPE 1X ISRAELI TAN\n\n\n<strong><i>QPL:</i></strong> MIL-DTL-53039 TYPE IV / IX\n\n\n<strong><i>Color specs:</i></strong> ISRAELI TAN","MAXIMUM 3.5 VOC VOHAP FREE POLYMERIC BEAD FLATTENED \n\n\n<strong><i>QPL:</i></strong> MIL-DTL-53039 TYPE IV / IX\n\n\n<strong><i>Color specs:</i></strong> ISRAELI TAN<p><b><i>Notice:</i></b> This is a made-to-order product and has a lead time of 45 business days before it can be shiped.</p><hr />",,,taxable,,1,100,,0,0,23.00,9.00,15.00,9.00,0,,,362.85,"PAINTS > MIL-CARC",,,https://jdlindustries.com/wp-content/uploads/hentzen-mil-gallon-1024.jpg,,,,,,,,,0,fixed,1,"1:362.85,5:336.95,10:311.05",,,Color,,1,1,Weight,23.00,1,1,Manufacturer,HENTZEN,1,1,"Unit of Measure",KIT,1,1,UPC,,1,1,Barcode1,,1,1,Barcode2,,1,1,"Vendor SKU",08633TUA-B33-01,1,1,Aviation,Yes,1,1,Marine,No,1,1,Industrial,No,1,1,Hazardous,Yes,1,1,Special packaging,No,1,1,Ship frozen,No,1,1,Family,"CARC COLORS",1,1,Lead time,45 business days,1,1,,,,
,simple,"HZ17084GEP-LVOC G2","HZ17084GEP-LVOC G2",1,0,visible,"17084GEP-LVOC Aeroprime Expoxy Primer MEP 10-059 TY II","Aeroprime High Performance Primer is a two part component corrosion and skydrol resistant epoxy primer that is qualified to the MEP 10-059 Type II and exceeds the performance requirements of the BMS10-11 Type I Class A Grade B primer specification.<p><b><i>Notice:</i></b> This is a made-to-order product and has a lead time of 15 business days before it can be shiped.</p><hr />",,,taxable,,1,100,,0,0,23.00,9.00,15.00,9.00,0,,,327.00,"PAINTS > MIL-PRIMERS",,,https://jdlindustries.com/wp-content/uploads/hentzen-mil-gallon-1024.jpg,,,,,,,,,0,fixed,1,"1:327.00,9:295.00,17:266.00",,,Color,,1,1,Weight,23.00,1,1,Manufacturer,HENTZEN,1,1,"Unit of Measure","2-GL KIT",1,1,UPC,,1,1,Barcode1,17084GEP-LVOCKTG,1,1,Barcode2,,1,1,"Vendor SKU",,1,1,Aviation,Yes,1,1,Marine,No,1,1,Industrial,No,1,1,Hazardous,No,1,1,Special packaging,Yes,1,1,Ship frozen,No,1,1,Family,,1,1,Lead time,15 business days,1,1,,,,
,simple,"HZ17292YDF-LVOC KIT","HZ17292YDF-LVOC KIT",1,0,visible,"MIL-PRF-22750 YELLOW  EPOXZEN FED 13538 KIT GL\n\n\n<strong><i>Meets the requirements of:</i></strong> MIL-PRF-22750G TY II CL H GR A","\n\n\n<strong><i>Meets the requirements of:</i></strong> MIL-PRF-22750G TY II CL H GR A",,,taxable,,1,100,,0,0,23.00,9.00,15.00,9.00,0,,,393.50,"HENZ PAINT",,,https://jdlindustries.com/wp-content/uploads/noimage.jpg,,,,,,,,,0,fixed,1,"1:393.50,5:365.50,10:337.50",,,Color,,1,1,Weight,23.00,1,1,Manufacturer,,1,1,"Unit of Measure",KIT,1,1,UPC,17292YDF-LOVC,1,1,Barcode1,,1,1,Barcode2,,1,1,"Vendor SKU",,1,1,Aviation,Yes,1,1,Marine,Yes,1,1,Industrial,Yes,1,1,Hazardous,No,1,1,Special packaging,No,1,1,Ship frozen,No,1,1,Family,,1,1,Lead time,Available from stock,1,1,,,,
,simple,HZ31317BPX-TI,HZ31317BPX-TI,1,0,visible,"35048 FLAT BLUE MIL-PRF-85285 TY I, CL H 3/1 MIX\n\n\n<strong><i>QPL:</i></strong> MIL-PRF-85285 RY 1, CL H","SINGLE COMPONENT BASE ONLY .80 GL\nHZ83395GPX CHROME BLUE  FLAT\n\n\n<strong><i>QPL:</i></strong> MIL-PRF-85285 RY 1, CL H",,,taxable,,1,100,,0,0,23.00,9.00,15.00,9.00,0,,,481.85,"HENZ PAINT",,,https://jdlindustries.com/wp-content/uploads/noimage.jpg,,,,,,,,,0,fixed,1,"1:481.85,5:447.50,10:413.00,50:275.49,100:206.50",,,Color,BLUE,1,1,Weight,23.00,1,1,Manufacturer,HENTZEN,1,1,"Unit of Measure",GL,1,1,UPC,,1,1,Barcode1,,1,1,Barcode2,,1,1,"Vendor SKU",,1,1,Aviation,Yes,1,1,Marine,Yes,1,1,Industrial,Yes,1,1,Hazardous,No,1,1,Special packaging,No,1,1,Ship frozen,No,1,1,Family,,1,1,Lead time,Available from stock,1,1,,,,
,simple,HZ31323CPX-T1,HZ31323CPX-T1,1,0,visible,"CLEAR SEMI-GLOSS MIL-PRF-85285E,TY I, CL H  3/1\n\n\n<strong><i>QPL:</i></strong> MIL-PRF-85285 RY 1, CL H","\n\n\n<strong><i>QPL:</i></strong> MIL-PRF-85285 RY 1, CL H",,,taxable,,1,100,,0,0,23.00,9.00,15.00,9.00,0,,,393.50,"HENZ PAINT",,,https://jdlindustries.com/wp-content/uploads/hentzen-mil-gallon-1024.jpg,,,,,,,,,0,fixed,1,"1:393.50,5:365.50,10:337.50,50:225.00,100:168.65",,,Color,CLEAR,1,1,Weight,23.00,1,1,Manufacturer,HENTZEN,1,1,"Unit of Measure",GGL.80,1,1,UPC,,1,1,Barcode1,,1,1,Barcode2,,1,1,"Vendor SKU","HZ31323CPX-T1 NOTINT",1,1,Aviation,Yes,1,1,Marine,Yes,1,1,Industrial,Yes,1,1,Hazardous,No,1,1,Special packaging,No,1,1,Ship frozen,No,1,1,Family,PAINT,1,1,Lead time,Available from stock,1,1,,,,
,simple,HZ31360WPX-T1,HZ31360WPX-T1,1,0,visible,"27925 SEMI GLOSS WHITE MIL-PRF-85285 TY I, CL H 3/1 MI\n\n\n<strong><i>QPL:</i></strong> MIL-PRF-85285 TY 1, CL H","SINGLE COMPONENT BASE ONLY .80 GL\nHZ83395GPX CHROME  WHITE \n\n\n<strong><i>QPL:</i></strong> MIL-PRF-85285 TY 1, CL H",,,taxable,,1,100,,0,0,23.00,9.00,15.00,9.00,0,,,393.50,"HENZ PAINT",,,https://jdlindustries.com/wp-content/uploads/noimage.jpg,,,,,,,,,0,fixed,1,"1:393.50,5:365.50,10:337.50,50:225.00,100:168.65",,,Color,WHITE,1,1,Weight,23.00,1,1,Manufacturer,HENTZEN,1,1,"Unit of Measure",GL,1,1,UPC,,1,1,Barcode1,,1,1,Barcode2,,1,1,"Vendor SKU",,1,1,Aviation,Yes,1,1,Marine,Yes,1,1,Industrial,Yes,1,1,Hazardous,No,1,1,Special packaging,No,1,1,Ship frozen,No,1,1,Family,,1,1,Lead time,Available from stock,1,1,,,,
,simple,HZ35620APX-TI,HZ35620APX-TI,1,0,visible,"36375 GRAY FLAT MIL-PRF-85285E,TY I &amp; IV , CL H  3/1 M","MIL-PRF-85285E, TYPE I &amp; IV, CLASS H - ONE GALLON KIT .75 GL BASE TO ONE QUART CATALYST 35502CMU MAKES ONE GALLON\nPOLYURETHANE, HIGH SOLIDS, 2.8 VOC, AIRCRAFT APPLICATION.\nPAINT IS TO BE APPLIED OVER APPROVED MIL-PRF-23377 OR MIL-PRF-85582 PRIMERS TO 0.60 - .09 MILLS DF",,,taxable,,1,100,,0,0,23.00,9.00,15.00,9.00,0,,,393.50,"HENZ PAINT",,,https://jdlindustries.com/wp-content/uploads/noimage.jpg,,,,,,,,,0,fixed,1,"1:393.50,5:365.50,10:337.50,50:225.00,100:168.65",,,Color,GRAY,1,1,Weight,23.00,1,1,Manufacturer,,1,1,"Unit of Measure","1-GL KIT",1,1,UPC,,1,1,Barcode1,,1,1,Barcode2,,1,1,"Vendor SKU",,1,1,Aviation,Yes,1,1,Marine,Yes,1,1,Industrial,Yes,1,1,Hazardous,No,1,1,Special packaging,No,1,1,Ship frozen,No,1,1,Family,PAINT,1,1,Lead time,Available from stock,1,1,,,,
,simple,HZ35631APX-35502CMU,HZ35631APX-35502CMU,1,0,visible,"36270 MIL-PRF-85285 TY I &amp; IV CL H, FMS-1027 GALKIT\n\n\n<strong><i>QPL:</i></strong> FMS 1027 TYPE V; MIL-PRF-85285 TYPE I CLASS H; MIL-PRF-85285 TYPE IV CLASS H","\n\n\n<strong><i>QPL:</i></strong> FMS 1027 TYPE V; MIL-PRF-85285 TYPE I CLASS H; MIL-PRF-85285 TYPE IV CLASS H",,,taxable,,1,100,,0,0,23.00,9.00,15.00,9.00,0,,,511.75,PAINTS,,,https://jdlindustries.com/wp-content/uploads/noimage.jpg,,,,,,,,,0,fixed,1,"1:511.75,5:447.95,10:383.85",,,Color,GRAY,1,1,Weight,23.00,1,1,Manufacturer,HENTZEN,1,1,"Unit of Measure","1-GL KIT",1,1,UPC,,1,1,Barcode1,,1,1,Barcode2,,1,1,"Vendor SKU",35631APX/35502CMU,1,1,Aviation,Yes,1,1,Marine,Yes,1,1,Industrial,Yes,1,1,Hazardous,No,1,1,Special packaging,No,1,1,Ship frozen,No,1,1,Family,TOPCOAT,1,1,Lead time,Available from stock,1,1,,,,
,simple,HZ53039WPX,HZ53039WPX,1,0,visible,"FAST DRYING URETHANE PRIMER SURFACE MEP 10-070 GK-1\n\n\n<strong><i>Meets the requirements of:</i></strong> MEP 10-070\n\n\n<strong><i>Color specs:</i></strong> WHITE","53039WPX IS A HIGH PERFORMANCE SPRAYABLE SURFACER MEP 10-070 PRIMER 3:1 VOLUME\n\n\n<strong><i>Meets the requirements of:</i></strong> MEP 10-070\n\n\n<strong><i>Color specs:</i></strong> WHITE",,,taxable,,1,100,,0,0,23.00,9.00,15.00,9.00,0,,,542.00,"PAINTS > MIL-PRIMERS",,,https://jdlindustries.com/wp-content/uploads/hentzen-mil-gallon-1024.jpg,,,,,,,,,0,fixed,1,"5:542.00",,,Color,WHITE,1,1,Weight,23.00,1,1,Manufacturer,HENTZEN,1,1,"Unit of Measure",GALKIT,1,1,UPC,,1,1,Barcode1,,1,1,Barcode2,,1,1,"Vendor SKU","53039WPX - 53021CMU",1,1,Aviation,Yes,1,1,Marine,No,1,1,Industrial,No,1,1,Hazardous,No,1,1,Special packaging,Yes,1,1,Ship frozen,No,1,1,Family,PRIMER,1,1,Lead time,Available from stock,1,1,,,,
,simple,"HZK02110GVP  KIT-2GL","HZK02110GVP  KIT-2GL",1,0,visible,"02110GVP WASH PRIMER PRETREATMENT GREEN 2GL/KT\n\n\n<strong><i>QPL:</i></strong> DOD-P15328D\n\n\n<strong><i>Color specs:</i></strong> GREEN","PRIMER ( WASH )PRETREATMENT (Formula # 117 for Metals ) Color GREEN 2GL/KT\nDEFENSE PRIMERS\n\n\n<strong><i>QPL:</i></strong> DOD-P15328D\n\n\n<strong><i>Color specs:</i></strong> GREEN<p><b><i>Notice:</i></b> This is a made-to-order product and has a lead time of 30 business days before it can be shiped.</p><hr />",,,taxable,,1,4,,0,0,23.00,9.00,15.00,9.00,0,,,352.85,"PAINTS > MIL-PRIMERS",,,https://jdlindustries.com/wp-content/uploads/hentzen-mil-gallon-1024.jpg,,,,,,,,,0,fixed,1,"1:352.85,5:323.50,10:294.15,50:236.25,100:176.45",,,Color,GREEN,1,1,Weight,23.00,1,1,Manufacturer,HENTZEN,1,1,"Unit of Measure","2-GL KIT",1,1,UPC,,1,1,Barcode1,8030-00-281-2726,1,1,Barcode2,,1,1,"Vendor SKU","02110VVP / 02111SSC",1,1,Aviation,Yes,1,1,Marine,No,1,1,Industrial,No,1,1,Hazardous,Yes,1,1,Special packaging,No,1,1,Ship frozen,No,1,1,Family,PRIMER,1,1,Lead time,30 business days,1,1,,,,
,simple,HZK16708TEP_G,HZK16708TEP_G,1,0,visible,"MIL-PRF-23377K TYPE I CLASS N EPOXY PRIMER 3/1\n\n\n<strong><i>QPL:</i></strong> LMCO EMAP, C-130 PROPELLERS; LMCO FQML-P-23377-7; MIL-PRF-23377K, TYPE II, CLASS N\n\n\n<strong><i>Color specs:</i></strong> TAN","MIL-PRF-23377K TYPE II CLASS N EPOXY PRIMER 3/1  COLOR TAN 3/1 CATALYST 16709CEH\nNON-CHROME AERO EPOXY PRIMER\n\n\n<strong><i>QPL:</i></strong> LMCO EMAP, C-130 PROPELLERS; LMCO FQML-P-23377-7; MIL-PRF-23377K, TYPE II, CLASS N\n\n\n<strong><i>Color specs:</i></strong> TAN<p><b><i>Notice:</i></b> This is a made-to-order product and has a lead time of 90 business days before it can be shiped.</p><hr />",,,taxable,,1,6,,0,0,23.00,9.00,15.00,9.00,0,,,651.00,"PAINTS > MIL-PRIMERS",,,https://jdlindustries.com/wp-content/uploads/hentzen-mil-gallon-1024.jpg,,,,,,,,,0,fixed,1,"1:650.99,5:610.30,10:570.00,50:488.25,100:406.85",,,Color,TAN,1,1,Weight,23.00,1,1,Manufacturer,HENTZEN,1,1,"Unit of Measure","1-GL KIT",1,1,UPC,,1,1,Barcode1,,1,1,Barcode2,,1,1,"Vendor SKU","16708TEP / 16709CEH",1,1,Aviation,Yes,1,1,Marine,No,1,1,Industrial,No,1,1,Hazardous,Yes,1,1,Special packaging,Yes,1,1,Ship frozen,No,1,1,Family,PRIMER,1,1,Lead time,90 business days,1,1,,,,
,simple,"HZK17084GEP KIT-2GL","HZK17084GEP KIT-2GL",1,0,visible,"17084GEP-LVOC/ 17085 CEH/ BAC 452 GRN EPOXY PRIMER-2GL","BMS10-11, TY-1 (B)\nMEP 10-059, TY-II<p><b><i>Notice:</i></b> This is a made-to-order product and has a lead time of 15 business days before it can be shiped.</p><hr />",,,taxable,,1,100,,0,0,23.00,9.00,15.00,9.00,0,,,327.00,"PAINTS > MIL-PRIMERS",,,https://jdlindustries.com/wp-content/uploads/hentzen-mil-gallon-1024.jpg,,,,,,,,,0,fixed,1,"1:327.00,9:295.00,17:266.00,31:220.62",,,Color,GREEN,1,1,Weight,23.00,1,1,Manufacturer,HENTZEN,1,1,"Unit of Measure","2-GL KIT",1,1,UPC,,1,1,Barcode1,,1,1,Barcode2,,1,1,"Vendor SKU","HXK17084GEP KIT-2GL",1,1,Aviation,Yes,1,1,Marine,No,1,1,Industrial,No,1,1,Hazardous,No,1,1,Special packaging,Yes,1,1,Ship frozen,No,1,1,Family,PRIMER,1,1,Lead time,15 business days,1,1,,,,
,simple,HZK17176KEP_G,HZK17176KEP_G,1,0,visible,"MIL-PRF-23377, TY II,CL N  DARK GREEN PRIMER 3/1 GLKIT\n\n\n<strong><i>QPL:</i></strong> MIL-PRF-23377K, TYPE II, CLASS N\n\n\n<strong><i>Color specs:</i></strong> LOW IR DARK GREEN","Dark Green Hentzen's Aerospace High Performance Primer 17176KEP/16709CEH, Chromate-Free.  This Epoxy Primer has been formulate to have excellent corrosion resistance and meet all the performance requirements of the specification.\n\n\n\n\n<strong><i>QPL:</i></strong> MIL-PRF-23377K, TYPE II, CLASS N\n\n\n<strong><i>Color specs:</i></strong> LOW IR DARK GREEN<p><b><i>Notice:</i></b> This is a made-to-order product and has a lead time of 90 business days before it can be shiped.</p><hr />",,,taxable,,1,2,,0,0,23.00,9.00,15.00,9.00,0,,,673.45,"PAINTS > MIL-PRIMERS",,,https://jdlindustries.com/wp-content/uploads/hentzen-mil-gallon-1024.jpg,,,,,,,,,0,fixed,1,"1:673.45,5:631.50,10:589.25,50:505.05,100:420.95",,,Color,"DARK GREEN",1,1,Weight,23.00,1,1,Manufacturer,HENTZEN,1,1,"Unit of Measure","1-GL KIT",1,1,UPC,,1,1,Barcode1,,1,1,Barcode2,,1,1,"Vendor SKU","17176KEP - 16709CEH",1,1,Aviation,Yes,1,1,Marine,No,1,1,Industrial,No,1,1,Hazardous,Yes,1,1,Special packaging,Yes,1,1,Ship frozen,No,1,1,Family,PRIMER,1,1,Lead time,90 business days,1,1,,,,
,simple,HZK2110GVP_2G,HZK2110GVP_2G,1,0,visible,"TWO COMPONENT WASH PRIMER FORM. 117 DOD-P-15328 GAL\n\n\n<strong><i>QPL:</i></strong> DOD-P-15328D","\n\n\n<strong><i>QPL:</i></strong> DOD-P-15328D",,,taxable,,1,100,,0,0,23.00,9.00,15.00,9.00,0,,,352.80,"PAINTS > MIL-PRIMERS",,,https://jdlindustries.com/wp-content/uploads/hentzen-mil-gallon-1024.jpg,,,,,,,,,0,fixed,1,"1:352.80,5:323.50,10:294.15,50:236.25,100:176.45",,,Color,,1,1,Weight,23.00,1,1,Manufacturer,HENTZEN,1,1,"Unit of Measure",GALKIT,1,1,UPC,,1,1,Barcode1,,1,1,Barcode2,,1,1,"Vendor SKU",2110GVP_2G,1,1,Aviation,Yes,1,1,Marine,No,1,1,Industrial,No,1,1,Hazardous,No,1,1,Special packaging,Yes,1,1,Ship frozen,No,1,1,Family,,1,1,Lead time,Available from stock,1,1,,,,
,simple,"HZK22167WEP   K-5GL","HZK22167WEP   K-5GL",1,0,visible,"22167WEP MIL-DTL-53022F TY IV, CLS L 4/1 KIT 5 GLS\n\n\n<strong><i>QPL:</i></strong> MIL-DTL-53022F, TYPE IV, CLASS L; Q2179","MIL-DTL-53022F TYPE IV, CLASS L / 4 PARTS BASE 22167WEP TO 1 PART CATALYST  B22170CEH  MAKES 5 GALLONS\nPRIMER, EPOXY COATING, CORROSION INHIBITING, LEAD &amp; CHROMATE FREE.\n\n\n<strong><i>QPL:</i></strong> MIL-DTL-53022F, TYPE IV, CLASS L; Q2179",,,taxable,,1,100,,0,0,23.00,9.00,15.00,9.00,0,,,1374.50,"PAINTS > MIL-PRIMERS",,,https://jdlindustries.com/wp-content/uploads/hentzen-mil-gallon-1024.jpg,,,,,,,,,0,fixed,1,"1:1374.50,5:1259.95,10:1145.45,50:916.35,100:687.25",,,Color,WHITE,1,1,Weight,23.00,1,1,Manufacturer,HENTZEN,1,1,"Unit of Measure",KIT,1,1,UPC,,1,1,Barcode1,8010-01-588-3212,1,1,Barcode2,,1,1,"Vendor SKU","22167WEP / B22170CEH",1,1,Aviation,Yes,1,1,Marine,No,1,1,Industrial,No,1,1,Hazardous,Yes,1,1,Special packaging,Yes,1,1,Ship frozen,No,1,1,Family,PRIMER,1,1,Lead time,Available from stock,1,1,,,,
,simple,"HZK22167WEP K-1/4 GL","HZK22167WEP K-1/4 GL",1,0,visible,"22167WEP MIL-DTL-53022F TY IV, CLS L 4/1 KIT 1-1/4 GL\n\n\n<strong><i>QPL:</i></strong> MIL-DTL-53022F, TYPE IV, CLASS L; Q2179\n\n\n<strong><i>Color specs:</i></strong> OFF-WHITE","MIL-DTL-53022F TYPE IV, CLASS L / 4 PARTS BASE 22167WEP TO 1 PART CATALYST  B22170CEH  MAKES 1-1/4 GALLONS\nPRIMER, EPOXY COATING, CORROSION INHIBITING, LEAD &amp; CHROMATE FREE.\n\n\n<strong><i>QPL:</i></strong> MIL-DTL-53022F, TYPE IV, CLASS L; Q2179\n\n\n<strong><i>Color specs:</i></strong> OFF-WHITE<p><b><i>Notice:</i></b> This is a made-to-order product and has a lead time of 30 business days before it can be shiped.</p><hr />",,,taxable,,1,100,,0,0,23.00,9.00,15.00,9.00,0,,,363.65,"PAINTS > MIL-PRIMERS",,,https://jdlindustries.com/wp-content/uploads/hentzen-mil-gallon-1024.jpg,,,,,,,,,0,fixed,1,"1:363.65,5:333.33,10:302.99,50:242.45,100:181.85",,,Color,WHITE,1,1,Weight,23.00,1,1,Manufacturer,HENTZEN,1,1,"Unit of Measure",KIT,1,1,UPC,,1,1,Barcode1,,1,1,Barcode2,,1,1,"Vendor SKU","22167WEP / B22170CEH",1,1,Aviation,Yes,1,1,Marine,No,1,1,Industrial,No,1,1,Hazardous,Yes,1,1,Special packaging,Yes,1,1,Ship frozen,No,1,1,Family,PRIMER,1,1,Lead time,30 business days,1,1,,,,
,simple,"HZK22167WEP-LVOC KIT","HZK22167WEP-LVOC KIT",1,0,visible,"22169WEP MIL-DTL-53022F TY IV, CLS U 4/1 KIT 1-1/4 GL\n\n\n<strong><i>QPL:</i></strong> MIL-DTL-53022F, TYPE IV, CLASS U\n\n\n<strong><i>Color specs:</i></strong> OFF-WHITE","MIL-DTL-53022F TYPE IV, CLASS U / 4 PARTS BASE 22167WEP-LVOC TO 1 PART CATALYST  B22170CEH  MAKES 1-1/4 GALLONS\nPRIMER, EPOXY COATING, CORROSION INHIBITING, LEAD &amp; CHROMATE FREE.\n\n\n<strong><i>QPL:</i></strong> MIL-DTL-53022F, TYPE IV, CLASS U\n\n\n<strong><i>Color specs:</i></strong> OFF-WHITE<p><b><i>Notice:</i></b> This is a made-to-order product and has a lead time of 30 business days before it can be shiped.</p><hr />",,,taxable,,1,100,,0,0,23.00,9.00,15.00,9.00,0,,,363.65,"PAINTS > MIL-PRIMERS",,,https://jdlindustries.com/wp-content/uploads/hentzen-mil-gallon-1024.jpg,,,,,,,,,0,fixed,1,"1:363.65,5:333.50,10:302.99,50:242.45,100:181.85",,,Color,WHITE,1,1,Weight,23.00,1,1,Manufacturer,HENTZEN,1,1,"Unit of Measure",KIT,1,1,UPC,,1,1,Barcode1,B22170CEH,1,1,Barcode2,,1,1,"Vendor SKU",22167WEP-LVOC/,1,1,Aviation,Yes,1,1,Marine,No,1,1,Industrial,No,1,1,Hazardous,Yes,1,1,Special packaging,No,1,1,Ship frozen,No,1,1,Family,PRIMER,1,1,Lead time,30 business days,1,1,,,,
,simple,"HZK23158WEP  KIT-1GL","HZK23158WEP  KIT-1GL",1,0,visible,"23158WEP MIL-DTL-53030D, TYPE II EPOXPRIMER 4/1 K-1GL\n\n\n<strong><i>QPL:</i></strong> MIL-DTL-53030D, TYPE II\n\n\n<strong><i>Color specs:</i></strong> OFF- WHITE","MIL-DTL-53030D, TYPE II PRIMER, EPOXY COATING, WATER REDUCIBLE, LEAD &amp; CHROMATE FREE\nMIXING RATIO 4:1 BY VOLUME WITH COMPONENT B, 23159CEH.\n\n\n<strong><i>QPL:</i></strong> MIL-DTL-53030D, TYPE II\n\n\n<strong><i>Color specs:</i></strong> OFF- WHITE<p><b><i>Notice:</i></b> This is a made-to-order product and has a lead time of 30 business days before it can be shiped.</p><hr />",,,taxable,,1,100,,0,0,23.00,9.00,15.00,9.00,0,,,463.75,"PAINTS > MIL-PRIMERS",,,https://jdlindustries.com/wp-content/uploads/hentzen-mil-gallon-1024.jpg,,,,,,,,,0,fixed,1,"1:463.75,5:424.95,10:386.50,50:309.05,100:231.95",,,Color,WHITE,1,1,Weight,23.00,1,1,Manufacturer,HENTZEN,1,1,"Unit of Measure","2-GL KIT",1,1,UPC,,1,1,Barcode1,8010-01-603-2127,1,1,Barcode2,,1,1,"Vendor SKU","23158WEP / 23159CEH",1,1,Aviation,Yes,1,1,Marine,No,1,1,Industrial,No,1,1,Hazardous,Yes,1,1,Special packaging,No,1,1,Ship frozen,No,1,1,Family,PRIMER,1,1,Lead time,30 business days,1,1,,,,
,simple,HZK31101WPX-T1,HZK31101WPX-T1,1,0,visible,"17925 WHITE GLOSS MIL-PRF-85285F,TY I, CL H  3/1 MIX\n\n\n<strong><i>QPL:</i></strong> MIL-PRF-85285F, TYPE I","Hentzen's Aerospace two components White Gloss Urethane coating, Fed. Stad. 595 Color #17925.  This coating exhibits excellent chemical resistance, outstanding toughness, flexibility, abrasion resistance and excellente durability.\n\n\n<strong><i>QPL:</i></strong> MIL-PRF-85285F, TYPE I<p><b><i>Notice:</i></b> This is a made-to-order product and has a lead time of 3 business days before it can be shiped.</p><hr />",,,taxable,,1,100,,0,0,23.00,9.00,15.00,9.00,0,,,393.50,"PAINTS > MIL-TOPCOAT",,,https://jdlindustries.com/wp-content/uploads/hentzen-mil-gallon-1024.jpg,,,,,,,,,0,fixed,1,"1:393.50,5:365.50,10:337.50,50:225.00,100:168.65",,,Color,WHITE,1,1,Weight,23.00,1,1,Manufacturer,HENTZEN,1,1,"Unit of Measure","1-GL KIT",1,1,UPC,,1,1,Barcode1,,1,1,Barcode2,,1,1,"Vendor SKU","K31101WPX-T1 + CAT 06480CMU",1,1,Aviation,Yes,1,1,Marine,No,1,1,Industrial,No,1,1,Hazardous,No,1,1,Special packaging,No,1,1,Ship frozen,No,1,1,Family,TOPCOAT,1,1,Lead time,3 business days,1,1,,,,
,simple,HZK31102YPX-T1,HZK31102YPX-T1,1,0,visible,"13538 YELLOW GLOSS MIL-PRF-85285E,TY I, CL H  3/1 MIX\n\n\n<strong><i>QPL:</i></strong> MIL-PRF-85285E, TYPE I\n\n\n<strong><i>Color specs:</i></strong> YELLOW GLOSS FED-S 13538","YELLOW GLOSS HIGH SOLID URETHANE, FED.STD. COLOR # 13538 PER MIL-PRF-85285 TYPE 1.\nTHIS URETHANE COATING EXHIBITS CHEMICAL RESISTANCE, OUTSTANDING TOUGHNESS, FLEXIBILITY, ABRASION RESISTANCE AND EXCELLENT\nOUTSIDE DURABILITY.\n\n\n\n<strong><i>QPL:</i></strong> MIL-PRF-85285E, TYPE I\n\n\n<strong><i>Color specs:</i></strong> YELLOW GLOSS FED-S 13538<p><b><i>Notice:</i></b> This is a made-to-order product and has a lead time of 30 business days before it can be shiped.</p><hr />",,,taxable,,1,100,,0,0,23.00,9.00,15.00,9.00,0,,,481.85,"PAINTS > MIL-TOPCOAT",,,https://jdlindustries.com/wp-content/uploads/hentzen-mil-gallon-1024.jpg,,,,,,,,,0,fixed,1,"1:481.85,5:447.50,10:413.00,50:275.49,100:206.50",,,Color,YELLOW,1,1,Weight,23.00,1,1,Manufacturer,HENTZEN,1,1,"Unit of Measure","1-GL KIT",1,1,UPC,,1,1,Barcode1,,1,1,Barcode2,,1,1,"Vendor SKU","K31102YPX-T1 + CAT 06480CMU",1,1,Aviation,Yes,1,1,Marine,No,1,1,Industrial,No,1,1,Hazardous,Yes,1,1,Special packaging,No,1,1,Ship frozen,No,1,1,Family,PAINT,1,1,Lead time,30 business days,1,1,,,,
,simple,HZK31103WPX-T1,HZK31103WPX-T1,1,0,visible,"37925 WHITE FLAT MIL-PRF-85285E,TY I, CL H  3/1 MIX","MIL-PRF-85285E, TYPE I, CLASS H - ONE GALLON KIT .75 GL BASE TO ONE QUART CATALYST 06840 MAKES ONE GALLON\nPOLYURETHANE, HIGH SOLIDS, 2.8 VOC, AIRCRAFT APPLICATION.\nPAINT IS TO BE APPLIED OVER APPROVED MIL-PRF-23377 OR MIL-PRF-85582 PRIMERS TO 0.60 - .09 MILLS DFT",,,taxable,,1,100,,0,0,23.00,9.00,15.00,9.00,0,,,393.50,"HENZ PAINT",,,https://jdlindustries.com/wp-content/uploads/noimage.jpg,,,,,,,,,0,fixed,1,"1:393.50,5:365.50,10:337.50,50:225.00,100:168.65",,,Color,WHITE,1,1,Weight,23.00,1,1,Manufacturer,,1,1,"Unit of Measure","1-GL KIT",1,1,UPC,,1,1,Barcode1,,1,1,Barcode2,,1,1,"Vendor SKU",K31103WPX-T1,1,1,Aviation,Yes,1,1,Marine,Yes,1,1,Industrial,Yes,1,1,Hazardous,No,1,1,Special packaging,No,1,1,Ship frozen,No,1,1,Family,PANIT,1,1,Lead time,Available from stock,1,1,,,,
,simple,HZK31104KPX-T1,HZK31104KPX-T1,1,0,visible,"17038 BLACK GLOSS MIL-PRF-85285F,TY I, CL H  3/1 MIX\n\n\n<strong><i>QPL:</i></strong> MIL-PRF-85285F, TYPE I &amp; II CLASS H\n\n\n<strong><i>Color specs:</i></strong> BLACK GLOSS FED-STD 17038","BLACK GLOSS HIGH SOLID URETHANE, FED.STD. COLOR # 17038 PER MIL-PRF-85285 TYPE 1.\nTHIS URETHANE COATING EXHIBITS CHEMICAL RESISTANCE, OUTSTANDING TOUGHNESS, FLEXIBILITY, ABRASION RESISTANCE AND EXCELLENT\nOUTSIDE DURABILITY.\n\n\n\n\n<strong><i>QPL:</i></strong> MIL-PRF-85285F, TYPE I &amp;amp; II CLASS H\n\n\n<strong><i>Color specs:</i></strong> BLACK GLOSS FED-STD 17038<p><b><i>Notice:</i></b> This is a made-to-order product and has a lead time of 3 business days before it can be shiped.</p><hr />",,,taxable,,1,100,,0,0,23.00,9.00,15.00,9.00,0,,,393.50,"PAINTS > MIL-TOPCOAT",,,https://jdlindustries.com/wp-content/uploads/hentzen-mil-gallon-1024.jpg,,,,,,,,,0,fixed,1,"1:393.50,5:365.50,10:337.50,50:225.00,100:168.65",,,Color,BLACK,1,1,Weight,23.00,1,1,Manufacturer,HENTZEN,1,1,"Unit of Measure","1-GL KIT",1,1,UPC,,1,1,Barcode1,,1,1,Barcode2,,1,1,"Vendor SKU","K31104KPX-T1 + CAT 06480CMU",1,1,Aviation,Yes,1,1,Marine,No,1,1,Industrial,No,1,1,Hazardous,Yes,1,1,Special packaging,No,1,1,Ship frozen,No,1,1,Family,PAINT,1,1,Lead time,3 business days,1,1,,,,
,simple,HZK31105KPX-T1,HZK31105KPX-T1,1,0,visible,"37038 BLACK FLAT MIL-PRF-85285F,TY I, CL H  3/1 MIX\n\n\n<strong><i>QPL:</i></strong> MIL-PRF-85285F TYPE I &amp; II CLASS H\n\n\n<strong><i>Color specs:</i></strong> BLACK FLAT FED-STD 37038","FLAT BLACK HIGH SOLID URETHANE, FED.STD. COLOR # 37038 PER MIL-PRF-85285 TYPE 1.\nTHIS URETHANE COATING EXHIBITS CHEMICAL RESISTANCE, OUTSTANDING TOUGHNESS, FLEXIBILITY, ABRASION RESISTANCE AND EXCELLENT\nOUTSIDE DURABILITY.\n\n\n\n<strong><i>QPL:</i></strong> MIL-PRF-85285F TYPE I &amp;amp; II CLASS H\n\n\n<strong><i>Color specs:</i></strong> BLACK FLAT FED-STD 37038<p><b><i>Notice:</i></b> This is a made-to-order product and has a lead time of 3 business days before it can be shiped.</p><hr />",,,taxable,,1,100,,0,0,23.00,9.00,15.00,9.00,0,,,393.50,"PAINTS > MIL-TOPCOAT",,,https://jdlindustries.com/wp-content/uploads/hentzen-mil-gallon-1024.jpg,,,,,,,,,0,fixed,1,"1:393.50,5:365.50,10:337.50,50:225.00,100:168.65",,,Color,BLACK,1,1,Weight,23.00,1,1,Manufacturer,HENTZEN,1,1,"Unit of Measure","1-GL KIT",1,1,UPC,,1,1,Barcode1,,1,1,Barcode2,,1,1,"Vendor SKU","K31105KPX-T1 + CAT 06480CMU",1,1,Aviation,Yes,1,1,Marine,No,1,1,Industrial,No,1,1,Hazardous,Yes,1,1,Special packaging,Yes,1,1,Ship frozen,No,1,1,Family,PAINT,1,1,Lead time,3 business days,1,1,,,,
,simple,HZK31106GPX-T1,HZK31106GPX-T1,1,0,visible,"24052 GREEN S-GLOSS MIL-PRF-85285E, TY I, CL H  3/1 MI\n\n\n<strong><i>QPL:</i></strong> MIL-PRF-85285 TYPE I &amp; II CLASS H\n\n\n<strong><i>Color specs:</i></strong> GREEN SEMI-GLOSS FED-STD 24052","MIL-PRF-85285E, TYPE I, CLASS H - ONE GALLON KIT .75 GL BASE TO ONE QUART CATALYST 06840 MAKES ONE GALLON\nPOLYURETHANE, HIGH SOLIDS, 2.8 VOC, AIRCRAFT APPLICATION.\nPAINT IS TO BE APPLIED OVER APPROVED MIL-PRF-23377 OR MIL-PRF-85582 PRIMERS TO 0.60 - .09 MILLS DFT\n\n\n<strong><i>QPL:</i></strong> MIL-PRF-85285 TYPE I &amp;amp; II CLASS H\n\n\n<strong><i>Color specs:</i></strong> GREEN SEMI-GLOSS FED-STD 24052<p><b><i>Notice:</i></b> This is a made-to-order product and has a lead time of 30 business days before it can be shiped.</p><hr />",,,taxable,,1,100,,0,0,23.00,9.00,15.00,9.00,0,,,481.85,"PAINTS > MIL-TOPCOAT",,,https://jdlindustries.com/wp-content/uploads/hentzen-mil-gallon-1024.jpg,,,,,,,,,0,fixed,1,"1:481.85,5:447.50,10:413.00,50:275.50,100:206.50",,,Color,GREEN,1,1,Weight,23.00,1,1,Manufacturer,HENTZEN,1,1,"Unit of Measure","1-GL KIT",1,1,UPC,,1,1,Barcode1,,1,1,Barcode2,,1,1,"Vendor SKU","K31106GPX-T1 + CAT 06480CMU",1,1,Aviation,Yes,1,1,Marine,No,1,1,Industrial,No,1,1,Hazardous,Yes,1,1,Special packaging,No,1,1,Ship frozen,No,1,1,Family,PAINT,1,1,Lead time,30 business days,1,1,,,,
,simple,HZK31109BPX-T1,HZK31109BPX-T1,1,0,visible,"15180 BLUE GLOSS MIL-PRF-85285F,TY I, CL H  3/1 MIX\n\n\n<strong><i>QPL:</i></strong> MIL-PRF-85285E, TYPE I &amp; II CLASS H","BLUE GLOSS HIGH SOLID URETHANE, FED.STD. COLOR # 15180 PER MIL-PRF-85285 TYPE 1.\nTHIS URETHANE COATING EXHIBITS CHEMICAL RESISTANCE, OUTSTANDING TOUGHNESS, FLEXIBILITY, ABRASION RESISTANCE AND EXCELLENT\nOUTSIDE DURABILITY.\n\n\n\n\n<strong><i>QPL:</i></strong> MIL-PRF-85285E, TYPE I &amp;amp; II CLASS H",,,taxable,,1,100,,0,0,23.00,9.00,15.00,9.00,0,,,485.85,"PAINTS > MIL-TOPCOAT",,,https://jdlindustries.com/wp-content/uploads/hentzen-mil-gallon-1024.jpg,,,,,,,,,0,fixed,1,"1:485.85,5:447.50,10:413.00,50:275.50,100:206.50",,,Color,BLUE,1,1,Weight,23.00,1,1,Manufacturer,HENTZEN,1,1,"Unit of Measure","1-GL KIT",1,1,UPC,,1,1,Barcode1,,1,1,Barcode2,,1,1,"Vendor SKU",HZK31109BPX-T1,1,1,Aviation,Yes,1,1,Marine,Yes,1,1,Industrial,Yes,1,1,Hazardous,No,1,1,Special packaging,No,1,1,Ship frozen,No,1,1,Family,COLOR,1,1,Lead time,Available from stock,1,1,,,,
,simple,HZK31111RPX-T1,HZK31111RPX-T1,1,0,visible,"11136 RED GLOSS MIL-PRF-85285E,TY I, CL H  3/1 MIX\n\n\n<strong><i>QPL:</i></strong> MIL-PRF-85285E, TYPE I &amp; II CLASS H\n\n\n<strong><i>Color specs:</i></strong> FED-S 11136 RED GLOSS","RED GLOSS HIGH SOLID URETHANE, FED.STD. COLOR # 11136 PER MIL-PRF-85285 TYPE 1.\nTHIS URETHANE COATING EXHIBITS CHEMICAL RESISTANCE, OUTSTANDING TOUGHNESS, FLEXIBILITY, ABRASION RESISTANCE AND EXCELLENT\nOUTSIDE DURABILITY.\nNSN NUMBER : 8010-01-528-4840\n\n\n<strong><i>QPL:</i></strong> MIL-PRF-85285E, TYPE I &amp;amp; II CLASS H\n\n\n<strong><i>Color specs:</i></strong> FED-S 11136 RED GLOSS<p><b><i>Notice:</i></b> This is a made-to-order product and has a lead time of 3 business days before it can be shiped.</p><hr />",,,taxable,,1,100,,0,0,23.00,9.00,15.00,9.00,0,,,481.85,"PAINTS > MIL-TOPCOAT",,,https://jdlindustries.com/wp-content/uploads/hentzen-mil-gallon-1024.jpg,,,,,,,,,0,fixed,1,"1:481.85,5:447.50,10:413.00,50:275.50,100:206.50",,,Color,RED,1,1,Weight,23.00,1,1,Manufacturer,HENTZEN,1,1,"Unit of Measure","1-GL KIT",1,1,UPC,"NSN 8010-01-528-4840",1,1,Barcode1,,1,1,Barcode2,,1,1,"Vendor SKU","K31111RPX-71 + CAT 06480CMU",1,1,Aviation,Yes,1,1,Marine,No,1,1,Industrial,No,1,1,Hazardous,Yes,1,1,Special packaging,No,1,1,Ship frozen,No,1,1,Family,PAINT,1,1,Lead time,3 business days,1,1,,,,
,simple,HZK31112APX-T1,HZK31112APX-T1,1,0,visible,"16440 GRAY GLOSS MIL-PRF-85285E, TY I, CL H  3/1 MIX\n\n\n<strong><i>QPL:</i></strong> MIL-PRF-85285E, TYPE I &amp; II CLASS H\n\n\n<strong><i>Color specs:</i></strong> GRAY GLOSS FED. STANDARD 16440","Hentzen's Aerospace two components Gray Gloss urethane coating, Fed. Stad. 595 Color #16440.  This coating exhibits excellent chemical resistance, outstanding toughness, flexibility, abrasion resistance and excellente durability.\n\n\n\n\n<strong><i>QPL:</i></strong> MIL-PRF-85285E, TYPE I &amp;amp; II CLASS H\n\n\n<strong><i>Color specs:</i></strong> GRAY GLOSS FED. STANDARD 16440<p><b><i>Notice:</i></b> This is a made-to-order product and has a lead time of 3 business days before it can be shiped.</p><hr />",,,taxable,,1,100,,0,0,23.00,9.00,15.00,9.00,0,,,393.50,"PAINTS > MIL-TOPCOAT",,,https://jdlindustries.com/wp-content/uploads/hentzen-mil-gallon-1024.jpg,,,,,,,,,0,fixed,1,"1:393.50,5:365.50,10:337.50,50:225.00,100:168.65",,,Color,GRAY,1,1,Weight,23.00,1,1,Manufacturer,HENTZEN,1,1,"Unit of Measure","1-GL KIT",1,1,UPC,,1,1,Barcode1,,1,1,Barcode2,,1,1,"Vendor SKU","K31112APX-T1 + CAT 06480CMU",1,1,Aviation,Yes,1,1,Marine,No,1,1,Industrial,No,1,1,Hazardous,Yes,1,1,Special packaging,Yes,1,1,Ship frozen,No,1,1,Family,PAINT,1,1,Lead time,3 business days,1,1,,,,
,simple,HZK31115APX-T1,HZK31115APX-T1,1,0,visible,"26307 GRAY S-GLOSS MIL-PRF-85285E,TY I, CL H  3/1 MIX\n\n\n<strong><i>QPL:</i></strong> MIL-PRF-85285E, TYPE I &amp; II CLASS H\n\n\n<strong><i>Color specs:</i></strong> GRAY SEMI GLOSS FED-STD 26307","MIL-PRF-85285E, TYPE I, CLASS H - ONE GALLON KIT .75 GL BASE TO ONE QUART CATALYST 06840 MAKES ONE GALLON\nPOLYURETHANE, HIGH SOLIDS, 2.8 VOC, AIRCRAFT APPLICATION.\nPAINT IS TO BE APPLIED OVER APPROVED MIL-PRF-23377 OR MIL-PRF-85582 PRIMERS TO 0.60 - .09 MILLS DFT\n\n\n<strong><i>QPL:</i></strong> MIL-PRF-85285E, TYPE I &amp;amp; II CLASS H\n\n\n<strong><i>Color specs:</i></strong> GRAY SEMI GLOSS FED-STD 26307<p><b><i>Notice:</i></b> This is a made-to-order product and has a lead time of 3 business days before it can be shiped.</p><hr />",,,taxable,,1,100,,0,0,23.00,9.00,15.00,9.00,0,,,393.50,"PAINTS > MIL-TOPCOAT",,,https://jdlindustries.com/wp-content/uploads/hentzen-mil-gallon-1024.jpg,,,,,,,,,0,fixed,1,"1:393.50,5:365.50,10:337.50,50:225.00,100:168.65",,,Color,GRAY,1,1,Weight,23.00,1,1,Manufacturer,HENTZEN,1,1,"Unit of Measure","1-GL KIT",1,1,UPC,,1,1,Barcode1,,1,1,Barcode2,,1,1,"Vendor SKU","K31115APX-T1 + CAT 06480CMU",1,1,Aviation,Yes,1,1,Marine,No,1,1,Industrial,No,1,1,Hazardous,Yes,1,1,Special packaging,Yes,1,1,Ship frozen,No,1,1,Family,PAINT,1,1,Lead time,3 business days,1,1,,,,
,simple,HZK31118WPX-T1,HZK31118WPX-T1,1,0,visible,"27875 WHITE GLOSS MIL-PRF-85285E,TY I, CL H  3/1 MIX\n\n\n<strong><i>QPL:</i></strong> MIL-PRF-85285-TYPE I &amp; II CLASS H\n\n\n<strong><i>Color specs:</i></strong> WHITE GLOSS FED-STD 27875","MIL-PRF-85285E, TYPE I, CLASS H - ONE GALLON KIT .75 GL BASE TO ONE QUART CATALYST 06840 MAKES ONE GALLON\nPOLYURETHANE, HIGH SOLIDS, 2.8 VOC, AIRCRAFT APPLICATION.\nPAINT IS TO BE APPLIED OVER APPROVED MIL-PRF-23377 OR MIL-PRF-85582 PRIMERS TO 0.60 - .09 MILLS DFT\n\n\n<strong><i>QPL:</i></strong> MIL-PRF-85285-TYPE I &amp;amp; II CLASS H\n\n\n<strong><i>Color specs:</i></strong> WHITE GLOSS FED-STD 27875<p><b><i>Notice:</i></b> This is a made-to-order product and has a lead time of 3 business days before it can be shiped.</p><hr />",,,taxable,,1,100,,0,0,23.00,9.00,15.00,9.00,0,,,393.50,"PAINTS > MIL-TOPCOAT",,,https://jdlindustries.com/wp-content/uploads/hentzen-mil-gallon-1024.jpg,,,,,,,,,0,fixed,1,"1:393.50,5:365.50,10:337.50,50:225.00,100:168.65",,,Color,WHITE,1,1,Weight,23.00,1,1,Manufacturer,HENTZEN,1,1,"Unit of Measure","1-GL KIT",1,1,UPC,,1,1,Barcode1,,1,1,Barcode2,,1,1,"Vendor SKU","31118WPX-T1 + CAT 06480CMU",1,1,Aviation,Yes,1,1,Marine,No,1,1,Industrial,No,1,1,Hazardous,Yes,1,1,Special packaging,Yes,1,1,Ship frozen,No,1,1,Family,PAINT,1,1,Lead time,3 business days,1,1,,,,
,simple,HZK31121APX-T1,HZK31121APX-T1,1,0,visible,"36375 GRAY FLAT MIL-PRF-85285E,TY I, CL H  3/1 MIX\n\n\n<strong><i>QPL:</i></strong> MIL-PRF-85285E, TYPE I","GRAY FLAT HIGH SOLID URETHANE, FED.STD. COLOR # 36375 PER MIL-PRF-85285 TYPE 1.\nTHIS URETHANE COATING EXHIBITS CHEMICAL RESISTANCE, OUTSTANDING TOUGHNESS, FLEXIBILITY, ABRASION RESISTANCE AND EXCELLENT\nOUTSIDE DURABILITY.\n\n\n\n<strong><i>QPL:</i></strong> MIL-PRF-85285E, TYPE I",,,taxable,,1,100,,0,0,23.00,9.00,15.00,9.00,0,,,393.50,"PAINTS > MIL-TOPCOAT",,,https://jdlindustries.com/wp-content/uploads/hentzen-mil-gallon-1024.jpg,,,,,,,,,0,fixed,1,"1:393.50,5:365.50,10:337.50,50:225.00,100:168.65",,,Color,GRAY,1,1,Weight,23.00,1,1,Manufacturer,HENTZEN,1,1,"Unit of Measure","1-GL KIT",1,1,UPC,,1,1,Barcode1,,1,1,Barcode2,,1,1,"Vendor SKU","K31121APX-T1 + CAT 06480CMU",1,1,Aviation,Yes,1,1,Marine,Yes,1,1,Industrial,Yes,1,1,Hazardous,No,1,1,Special packaging,No,1,1,Ship frozen,No,1,1,Family,TOPCOAT,1,1,Lead time,Available from stock,1,1,,,,
,simple,HZK31134NPX-TI,HZK31134NPX-TI,1,0,visible,"12197 ORANGE GLOSS MIL-PRF-85285E,TY I, CL H  3/1 MIX\n\n\n<strong><i>QPL:</i></strong> MIL-PRF-85285E, TYPE I &amp; II CLASS H\n\n\n<strong><i>Color specs:</i></strong> ORANGE FSTD.12197","ORANGE GLOSS HIGH SOLID URETHANE, FED.STD. COLOR # 12197 PER MIL-PRF-85285 TYPE 1.\nTHIS URETHANE COATING EXHIBITS CHEMICAL RESISTANCE, OUTSTANDING TOUGHNESS, FLEXIBILITY, ABRASION RESISTANCE AND EXCELLENT\nOUTSIDE DURABILITY.\n\n\n\n\n<strong><i>QPL:</i></strong> MIL-PRF-85285E, TYPE I &amp;amp; II CLASS H\n\n\n<strong><i>Color specs:</i></strong> ORANGE FSTD.12197<p><b><i>Notice:</i></b> This is a made-to-order product and has a lead time of 30 business days before it can be shiped.</p><hr />",,,taxable,,1,100,,0,0,23.00,9.00,15.00,9.00,0,,,481.85,"PAINTS > MIL-TOPCOAT",,,https://jdlindustries.com/wp-content/uploads/hentzen-mil-gallon-1024.jpg,,,,,,,,,0,fixed,1,"1:481.85,5:447.50,10:413.00,50:275.50,100:206.50",,,Color,ORANGE,1,1,Weight,23.00,1,1,Manufacturer,HENTZEN,1,1,"Unit of Measure","1-GL KIT",1,1,UPC,,1,1,Barcode1,,1,1,Barcode2,,1,1,"Vendor SKU","HZ31134NPX-T1 + CAT 06480CMU",1,1,Aviation,Yes,1,1,Marine,No,1,1,Industrial,No,1,1,Hazardous,Yes,1,1,Special packaging,Yes,1,1,Ship frozen,No,1,1,Family,PAINT,1,1,Lead time,30 business days,1,1,,,,
,simple,HZK31135KPX-T1,HZK31135KPX-T1,1,0,visible,"27038 BLACK S-GLOSS MIL-PRF-85285,TY I, CL H  3/1 MIX\n\n\n<strong><i>QPL:</i></strong> MIL-PRF-85285E, TYPE I &amp; II CLASS H\n\n\n<strong><i>Color specs:</i></strong> BLACK-SEMI GLOSS FED-STD 27038","MIL-PRF-85285E, TYPE I, CLASS H - ONE GALLON KIT .75 GL BASE TO ONE QUART CATALYST 06840 MAKES ONE GALLON\nPOLYURETHANE, HIGH SOLIDS, 2.8 VOC, AIRCRAFT APPLICATION.\nPAINT IS TO BE APPLIED OVER APPROVED MIL-PRF-23377 OR MIL-PRF-85582 PRIMERS TO 0.60 - .09 MILLS DFT\n\n\n<strong><i>QPL:</i></strong> MIL-PRF-85285E, TYPE I &amp;amp; II CLASS H\n\n\n<strong><i>Color specs:</i></strong> BLACK-SEMI GLOSS FED-STD 27038<p><b><i>Notice:</i></b> This is a made-to-order product and has a lead time of 3 business days before it can be shiped.</p><hr />",,,taxable,,1,100,,0,0,23.00,9.00,15.00,9.00,0,,,393.50,"PAINTS > MIL-TOPCOAT",,,https://jdlindustries.com/wp-content/uploads/hentzen-mil-gallon-1024.jpg,,,,,,,,,0,fixed,1,"1:393.50,5:365.50,10:337.50,50:265.00,100:168.65",,,Color,BLACK,1,1,Weight,23.00,1,1,Manufacturer,HENTZEN,1,1,"Unit of Measure","1-GL KIT",1,1,UPC,,1,1,Barcode1,,1,1,Barcode2,,1,1,"Vendor SKU","K31135KPX + CAT 06480CMU",1,1,Aviation,Yes,1,1,Marine,No,1,1,Industrial,No,1,1,Hazardous,Yes,1,1,Special packaging,Yes,1,1,Ship frozen,No,1,1,Family,PAINT,1,1,Lead time,3 business days,1,1,,,,
,simple,HZK31136WPX-T1,HZK31136WPX-T1,1,0,visible,"17875 WHITE GLOSS MIL-PRF-85285E,TY I, CL H  3/1 MIX\n\n\n<strong><i>QPL:</i></strong> MIL-PRF-85285E, TYPE I &amp; II CLASS H\n\n\n<strong><i>Color specs:</i></strong> WHITE GLOSS FED-STD 17875","Hentzen's Aerospace two components White urethane coating, Fed. Stad. 595 Color #17875.  This coating exhibits excellent chemical resistance, outstanding toughness, flexibility, abrasion resistance and excellente durability.\n\n\n\n<strong><i>QPL:</i></strong> MIL-PRF-85285E, TYPE I &amp;amp; II CLASS H\n\n\n<strong><i>Color specs:</i></strong> WHITE GLOSS FED-STD 17875<p><b><i>Notice:</i></b> This is a made-to-order product and has a lead time of 3 business days before it can be shiped.</p><hr />",,,taxable,,1,100,,0,0,23.00,9.00,15.00,9.00,0,,,393.50,"PAINTS > MIL-TOPCOAT",,,https://jdlindustries.com/wp-content/uploads/hentzen-mil-gallon-1024.jpg,,,,,,,,,0,fixed,1,"1:393.50,5:365.50,10:337.50,50:265.00,100:168.65",,,Color,WHITE,1,1,Weight,23.00,1,1,Manufacturer,HENTZEN,1,1,"Unit of Measure","1-GL KIT",1,1,UPC,,1,1,Barcode1,,1,1,Barcode2,,1,1,"Vendor SKU","31136WPX-T1 + CAT 06480CMU",1,1,Aviation,Yes,1,1,Marine,No,1,1,Industrial,No,1,1,Hazardous,Yes,1,1,Special packaging,Yes,1,1,Ship frozen,No,1,1,Family,PAINT,1,1,Lead time,3 business days,1,1,,,,
,simple,HZK31138APX-T1,HZK31138APX-T1,1,0,visible,"35237 GRAY FLAT MIL-PRF-85285E,TY I, CL H  3/1 MIX\n\n\n<strong><i>QPL:</i></strong> MIL-PRF-85285E, TYPE I &amp; II CLASS H\n\n\n<strong><i>Color specs:</i></strong> GRAY FLAT FED-STD 35237","MIL-PRF-85285E, TYPE I, CLASS H - ONE GALLON KIT .75 GL BASE TO ONE QUART CATALYST 06840 MAKES ONE GALLON\nPOLYURETHANE, HIGH SOLIDS, 2.8 VOC, AIRCRAFT APPLICATION.\nPAINT IS TO BE APPLIED OVER APPROVED MIL-PRF-23377 OR MIL-PRF-85582 PRIMERS TO 0.60 - .09 MILLS DFT\n\n\n<strong><i>QPL:</i></strong> MIL-PRF-85285E, TYPE I &amp;amp; II CLASS H\n\n\n<strong><i>Color specs:</i></strong> GRAY FLAT FED-STD 35237<p><b><i>Notice:</i></b> This is a made-to-order product and has a lead time of 3 business days before it can be shiped.</p><hr />",,,taxable,,1,100,,0,0,23.00,9.00,15.00,9.00,0,,,393.50,"PAINTS > MIL-TOPCOAT",,,https://jdlindustries.com/wp-content/uploads/hentzen-mil-gallon-1024.jpg,,,,,,,,,0,fixed,1,"1:393.50,5:365.50,10:337.50,50:225.00,100:168.65",,,Color,GRAY,1,1,Weight,23.00,1,1,Manufacturer,HENTZEN,1,1,"Unit of Measure","1-GL KIT",1,1,UPC,,1,1,Barcode1,,1,1,Barcode2,,1,1,"Vendor SKU","K31138APX-T1 + CAT 06480CMU",1,1,Aviation,Yes,1,1,Marine,No,1,1,Industrial,No,1,1,Hazardous,Yes,1,1,Special packaging,Yes,1,1,Ship frozen,No,1,1,Family,PAINT,1,1,Lead time,3 business days,1,1,,,,
,simple,HZK31139APX-T1,HZK31139APX-T1,1,0,visible,"36231 GRAY FLAT MIL-PRF-85285F, TY I, CL H  3/1 MIX\n\n\n<strong><i>QPL:</i></strong> MIL-PRF-85285F, TYPE I &amp; II CLASS H\n\n\n<strong><i>Color specs:</i></strong> GRAY FLAT FED-STD 36231","Hentzen's Aerospace two components Gray Flat Urethane coating, Fed. Stad. 595 Color #36231.  This coating exhibits excellent chemical resistance, outstanding toughness, flexibility, abrasion resistance and excellente durability.\n\n\n\n\n<strong><i>QPL:</i></strong> MIL-PRF-85285F, TYPE I &amp;amp; II CLASS H\n\n\n<strong><i>Color specs:</i></strong> GRAY FLAT FED-STD 36231<p><b><i>Notice:</i></b> This is a made-to-order product and has a lead time of 3 business days before it can be shiped.</p><hr />",,,taxable,,1,100,,0,0,23.00,9.00,15.00,9.00,0,,,393.50,"PAINTS > MIL-TOPCOAT",,,https://jdlindustries.com/wp-content/uploads/hentzen-mil-gallon-1024.jpg,,,,,,,,,0,fixed,1,"1:393.50,5:365.50,10:337.50,50:225.00,100:168.65",,,Color,GRAY,1,1,Weight,23.00,1,1,Manufacturer,HENTZEN,1,1,"Unit of Measure","1-GL KIT",1,1,UPC,,1,1,Barcode1,,1,1,Barcode2,,1,1,"Vendor SKU","K31139APX-T1  + CAT 06480CMU",1,1,Aviation,Yes,1,1,Marine,No,1,1,Industrial,No,1,1,Hazardous,Yes,1,1,Special packaging,Yes,1,1,Ship frozen,No,1,1,Family,PAINT,1,1,Lead time,3 business days,1,1,,,,
,simple,HZK31140APX-T1,HZK31140APX-T1,1,0,visible,"36320 GRAY FLAT MIL-PRF-85285E,TY I, CL H  3/1 MIX\n\n\n<strong><i>QPL:</i></strong> MIL-PRF-85285E, TYPE I &amp; II CLASS H\n\n\n<strong><i>Color specs:</i></strong> GRAY FLAT FED-STD 36320","MIL-PRF-85285E, TYPE I, CLASS H - ONE GALLON KIT .75 GL BASE TO ONE QUART CATALYST 06840 MAKES ONE GALLON\nPOLYURETHANE, HIGH SOLIDS, 2.8 VOC, AIRCRAFT APPLICATION.\nPAINT IS TO BE APPLIED OVER APPROVED MIL-PRF-23377 OR MIL-PRF-85582 PRIMERS TO 0.60 - .09 MILLS DFT\n\n\n<strong><i>QPL:</i></strong> MIL-PRF-85285E, TYPE I &amp;amp; II CLASS H\n\n\n<strong><i>Color specs:</i></strong> GRAY FLAT FED-STD 36320<p><b><i>Notice:</i></b> This is a made-to-order product and has a lead time of 3 business days before it can be shiped.</p><hr />",,,taxable,,1,100,,0,0,23.00,9.00,15.00,9.00,0,,,393.50,"PAINTS > MIL-TOPCOAT",,,https://jdlindustries.com/wp-content/uploads/hentzen-mil-gallon-1024.jpg,,,,,,,,,0,fixed,1,"1:393.50,5:365.50,10:337.50,50:225.00,100:168.65",,,Color,GRAY,1,1,Weight,23.00,1,1,Manufacturer,HENTZEN,1,1,"Unit of Measure","1-GL KIT",1,1,UPC,,1,1,Barcode1,,1,1,Barcode2,,1,1,"Vendor SKU","K31140APX-T1  + CAT 06480CMU",1,1,Aviation,Yes,1,1,Marine,No,1,1,Industrial,No,1,1,Hazardous,Yes,1,1,Special packaging,Yes,1,1,Ship frozen,No,1,1,Family,PAINT,1,1,Lead time,3 business days,1,1,,,,
,simple,HZK31141APX-T1,HZK31141APX-T1,1,0,visible,"36251 GRAY FLAT MIL-PRF-85285E,TY I, CL H  3/1 MIX\n\n\n<strong><i>QPL:</i></strong> MIL-PRF-85285E, TYPE I","GRAY FLAT HIGH SOLID URETHANE, FED.STD. COLOR # 36251 PER MIL-PRF-85285 TYPE 1.\nTHIS URETHANE COATING EXHIBITS CHEMICAL RESISTANCE, OUTSTANDING TOUGHNESS, FLEXIBILITY, ABRASION RESISTANCE AND EXCELLENT\nOUTSIDE DURABILITY.\n\n\n\n\n<strong><i>QPL:</i></strong> MIL-PRF-85285E, TYPE I<p><b><i>Notice:</i></b> This is a made-to-order product and has a lead time of 3 business days before it can be shiped.</p><hr />",,,taxable,,1,100,,0,0,23.00,9.00,15.00,9.00,0,,,393.50,"PAINTS > MIL-TOPCOAT",,,https://jdlindustries.com/wp-content/uploads/hentzen-mil-gallon-1024.jpg,,,,,,,,,0,fixed,1,"1:393.50,5:365.50,10:337.50,50:265.00,100:168.65",,,Color,GRAY,1,1,Weight,23.00,1,1,Manufacturer,HENTZEN,1,1,"Unit of Measure","1-GL KIT",1,1,UPC,,1,1,Barcode1,,1,1,Barcode2,,1,1,"Vendor SKU",HZK31141APX-T1,1,1,Aviation,Yes,1,1,Marine,Yes,1,1,Industrial,Yes,1,1,Hazardous,No,1,1,Special packaging,No,1,1,Ship frozen,No,1,1,Family,TOPCOAT,1,1,Lead time,3 business days,1,1,,,,
,simple,HZK31142APX-T1,HZK31142APX-T1,1,0,visible,"36176 GRAY FLAT MIL-PRF-85285E,TY I, CL H  3/1 MIX\n\n\n<strong><i>QPL:</i></strong> MIL-PRF-85285E, TYPE I &amp; II CLASS H\n\n\n<strong><i>Color specs:</i></strong> GRAY FLAT FED-STD 36176","MIL-PRF-85285E, TYPE I, CLASS H - ONE GALLON KIT .75 GL BASE TO ONE QUART CATALYST 06840 MAKES ONE GALLON\nPOLYURETHANE, HIGH SOLIDS, 2.8 VOC, AIRCRAFT APPLICATION.\nPAINT IS TO BE APPLIED OVER APPROVED MIL-PRF-23377 OR MIL-PRF-85582 PRIMERS TO 0.60 - .09 MILLS DFT\n\n\n<strong><i>QPL:</i></strong> MIL-PRF-85285E, TYPE I &amp;amp; II CLASS H\n\n\n<strong><i>Color specs:</i></strong> GRAY FLAT FED-STD 36176<p><b><i>Notice:</i></b> This is a made-to-order product and has a lead time of 3 business days before it can be shiped.</p><hr />",,,taxable,,1,100,,0,0,23.00,9.00,15.00,9.00,0,,,393.50,"PAINTS > MIL-TOPCOAT",,,https://jdlindustries.com/wp-content/uploads/hentzen-mil-gallon-1024.jpg,,,,,,,,,0,fixed,1,"1:393.50,5:365.50,10:337.50,50:225.00,100:168.65",,,Color,GRAY,1,1,Weight,23.00,1,1,Manufacturer,HENTZEN,1,1,"Unit of Measure","1-GL KIT",1,1,UPC,,1,1,Barcode1,,1,1,Barcode2,,1,1,"Vendor SKU","K31142APX-T1  + CAT 06480CMU",1,1,Aviation,Yes,1,1,Marine,No,1,1,Industrial,No,1,1,Hazardous,Yes,1,1,Special packaging,Yes,1,1,Ship frozen,No,1,1,Family,PAINT,1,1,Lead time,3 business days,1,1,,,,
,simple,HZK31143APX-T1,HZK31143APX-T1,1,0,visible,"16473 GRAY GLOSS MIL-PRF-85285E,TY I, CL H  3/1 MIX\n\n\n<strong><i>QPL:</i></strong> MIL-PRF-85285E, TYPE I","GRAY GLOSS HIGH SOLID URETHANE, FED.STD. COLOR # 16473 PER MIL-PRF-85285 TYPE 1.\nTHIS URETHANE COATING EXHIBITS CHEMICAL RESISTANCE, OUTSTANDING TOUGHNESS, FLEXIBILITY, ABRASION RESISTANCE AND EXCELLENT\nOUTSIDE DURABILITY.\n\n\n\n\n<strong><i>QPL:</i></strong> MIL-PRF-85285E, TYPE I",,,taxable,,1,100,,0,0,23.00,9.00,15.00,9.00,0,,,393.50,"PAINT > EXTERIOR",,,https://jdlindustries.com/wp-content/uploads/hentzen-mil-gallon-1024.jpg,,,,,,,,,0,fixed,1,"1:393.50,5:365.50,10:337.50,50:225.00,100:168.65",,,Color,GRAY,1,1,Weight,23.00,1,1,Manufacturer,HENTZEN,1,1,"Unit of Measure","1-GL KIT",1,1,UPC,,1,1,Barcode1,,1,1,Barcode2,,1,1,"Vendor SKU","K31143APX-T1 + CAT 06480CMU",1,1,Aviation,Yes,1,1,Marine,Yes,1,1,Industrial,Yes,1,1,Hazardous,No,1,1,Special packaging,No,1,1,Ship frozen,No,1,1,Family,TOPCOAT,1,1,Lead time,Available from stock,1,1,,,,
,simple,HZK31148APX-T1,HZK31148APX-T1,1,0,visible,"36118 GRAY FLAT MIL-PRF-85285E,TY I, CL H  3/1 MIX\n\n\n<strong><i>QPL:</i></strong> MIL-PRF-85285E, TYPE I &amp; II CLASS H","Hentzen's Aerospace two components Gray Flat Urethane coating, Fed. Stad. 595 Color #36118.  This coating exhibits excellent chemical resistance, outstanding toughness, flexibility, abrasion resistance and excellente durability.\n\n\n\n<strong><i>QPL:</i></strong> MIL-PRF-85285E, TYPE I &amp;amp; II CLASS H<p><b><i>Notice:</i></b> This is a made-to-order product and has a lead time of 3 business days before it can be shiped.</p><hr />",,,taxable,,1,100,,0,0,23.00,9.00,15.00,9.00,0,,,393.50,"PAINTS > MIL-TOPCOAT",,,https://jdlindustries.com/wp-content/uploads/hentzen-mil-gallon-1024.jpg,,,,,,,,,0,fixed,1,"1:393.50,5:365.50,10:337.50,50:225.00,100:168.65",,,Color,GRAY,1,1,Weight,23.00,1,1,Manufacturer,HENTZEN,1,1,"Unit of Measure","1-GL KIT",1,1,UPC,,1,1,Barcode1,,1,1,Barcode2,,1,1,"Vendor SKU","K31148APX-T1  + CAT 06480CMU",1,1,Aviation,Yes,1,1,Marine,No,1,1,Industrial,No,1,1,Hazardous,No,1,1,Special packaging,Yes,1,1,Ship frozen,No,1,1,Family,PAINT,1,1,Lead time,3 business days,1,1,,,,
,simple,HZK31156APX-T1,HZK31156APX-T1,1,0,visible,"36270 FLAT GRAY  MIL-PRF-85285F,TY I, CL H  3/1 MIX\n\n\n<strong><i>QPL:</i></strong> MIL-PRF-85285F, TYPE I","GRAY FLAT HIGH SOLID URETHANE, FED.STD. COLOR # 36270 PER MIL-PRF-85285 TYPE 1.\nTHIS URETHANE COATING EXHIBITS CHEMICAL RESISTANCE, OUTSTANDING TOUGHNESS, FLEXIBILITY, ABRASION RESISTANCE AND EXCELLENT\nOUTSIDE DURABILITY.\n\n\n\n\n<strong><i>QPL:</i></strong> MIL-PRF-85285F, TYPE I",,,taxable,,1,100,,0,0,23.00,9.00,15.00,9.00,0,,,393.50,"PAINTS > MIL-TOPCOAT",,,https://jdlindustries.com/wp-content/uploads/hentzen-mil-gallon-1024.jpg,,,,,,,,,0,fixed,1,"1:393.50,5:365.50,10:337.50,50:225.00,100:168.65",,,Color,GRAY,1,1,Weight,23.00,1,1,Manufacturer,HENTZEN,1,1,"Unit of Measure","1-GL KIT",1,1,UPC,,1,1,Barcode1,,1,1,Barcode2,,1,1,"Vendor SKU","31156APX-T1 + CAT 06480CMU",1,1,Aviation,Yes,1,1,Marine,Yes,1,1,Industrial,Yes,1,1,Hazardous,No,1,1,Special packaging,No,1,1,Ship frozen,No,1,1,Family,TOPCOAT,1,1,Lead time,Available from stock,1,1,,,,
,simple,HZK31320GPX-T1,HZK31320GPX-T1,1,0,visible,"34031 GREEN FLAT MIL-PRF-85285E, TY I, CL H  3/1 MIX\n\n\n<strong><i>QPL:</i></strong> MIL-PRF-85285E, TYPE I &amp; II CLASS H\n\n\n<strong><i>Meets the requirements of:</i></strong> MIL-PRF-85285E, TYPE I &amp; II CLASS H","\n\n\n<strong><i>QPL:</i></strong> MIL-PRF-85285E, TYPE I &amp;amp; II CLASS H\n\n\n<strong><i>Meets the requirements of:</i></strong> MIL-PRF-85285E, TYPE I &amp;amp; II CLASS H",,,taxable,,1,100,,0,0,23.00,9.00,15.00,9.00,0,,,481.85,PAINTS,,,https://jdlindustries.com/wp-content/uploads/hentzen-mil-gallon-1024.jpg,,,,,,,,,0,fixed,1,"1:481.85,5:447.50,10:413.00,50:275.50,100:206.50",,,Color,GREEN,1,1,Weight,23.00,1,1,Manufacturer,HENTZEN,1,1,"Unit of Measure","1-GL KIT",1,1,UPC,,1,1,Barcode1,,1,1,Barcode2,,1,1,"Vendor SKU",31320GPX-T1,1,1,Aviation,Yes,1,1,Marine,Yes,1,1,Industrial,Yes,1,1,Hazardous,No,1,1,Special packaging,No,1,1,Ship frozen,No,1,1,Family,TOPCOAT,1,1,Lead time,Available from stock,1,1,,,,
,simple,HZK31325BPX-T1,HZK31325BPX-T1,1,0,visible,"15048 BLUE GLOSS MIL-PRF-85285F,TY I, CL H  3/1 MIX\n\n\n<strong><i>QPL:</i></strong> MIL-PRF-85285E, TYPE I &amp; II CLASS H","MIL-PRF-85285E, TYPE I, CLASS H - ONE GALLON KIT .75 GL BASE TO ONE QUART CATALYST 06840 MAKES ONE GALLON\nPOLYURETHANE, HIGH SOLIDS, 2.8 VOC, AIRCRAFT APPLICATION.\nPAINT IS TO BE APPLIED OVER APPROVED MIL-PRF-23377 OR MIL-PRF-85582 PRIMERS TO 0.60 - .09 MILLS DFT\n\n\n<strong><i>QPL:</i></strong> MIL-PRF-85285E, TYPE I &amp;amp; II CLASS H",,,taxable,,1,100,,0,0,23.00,9.00,15.00,9.00,0,,,481.85,"PAINTS > MIL-TOPCOAT",,,https://jdlindustries.com/wp-content/uploads/hentzen-mil-gallon-1024.jpg,,,,,,,,,0,fixed,1,"1:481.85,5:447.50,10:413.00,50:275.50,100:206.50",,,Color,BLUE,1,1,Weight,23.00,1,1,Manufacturer,HENTZEN,1,1,"Unit of Measure","1-GL KIT",1,1,UPC,,1,1,Barcode1,,1,1,Barcode2,,1,1,"Vendor SKU",HZL31325BPX-T1,1,1,Aviation,Yes,1,1,Marine,Yes,1,1,Industrial,Yes,1,1,Hazardous,No,1,1,Special packaging,No,1,1,Ship frozen,No,1,1,Family,TOPCOAT,1,1,Lead time,Available from stock,1,1,,,,
,simple,HZK31347CPX-T1,HZK31347CPX-T1,1,0,visible,"CLEAR FLAT MIL-PRF-85285E, TY I, CL H  3/1 MIX\n\n\n<strong><i>QPL:</i></strong> MIL-PRF-85285E, TYPE I &amp; II CLASS H","CLEAR FLAT HIGH SOLID URETHANE,  PER MIL-PRF-85285 TYPE 1.\nTHIS URETHANE COATING EXHIBITS CHEMICAL RESISTANCE, OUTSTANDING TOUGHNESS, FLEXIBILITY, ABRASION RESISTANCE AND EXCELLENT\nOUTSIDE DURABILITY.\n\n\n<strong><i>QPL:</i></strong> MIL-PRF-85285E, TYPE I &amp;amp; II CLASS H",,,taxable,,1,100,,0,0,23.00,9.00,15.00,9.00,0,,,393.50,"PAINTS > MIL-TOPCOAT",,,https://jdlindustries.com/wp-content/uploads/hentzen-mil-gallon-1024.jpg,,,,,,,,,0,fixed,1,"1:393.50,5:365.50,10:337.50,50:225.00,100:168.65",,,Color,CLEAR,1,1,Weight,23.00,1,1,Manufacturer,HENTZEN,1,1,"Unit of Measure","1-GL KIT",1,1,UPC,,1,1,Barcode1,,1,1,Barcode2,,1,1,"Vendor SKU",HZ31347CPX-T1,1,1,Aviation,Yes,1,1,Marine,No,1,1,Industrial,No,1,1,Hazardous,No,1,1,Special packaging,Yes,1,1,Ship frozen,No,1,1,Family,FLAT,1,1,Lead time,Available from stock,1,1,,,,
,simple,HZK31362RPX-T1,HZK31362RPX-T1,1,0,visible,"MIL-PRF-85285E TYP I, RED 11350 1GL/KIT\n\n\n<strong><i>QPL:</i></strong> MIL-PRF-85285E TYPE I\n\n\n<strong><i>Color specs:</i></strong> RED FSD# 11350","RED GLOSS HIGH SOLID URETHANE, FEDE. STD. 595 COLOR # 11350 PER MIL-PRF-85285 TYPE 1.\nTHIS URETHANE COATING EXHIBITS CHEMICAL RESISTANCE, OUTSTANDING TOUGHNESS, FLEXIBILITY, ABRASION RESISTANCE AND EXCELLENT\nOUTSIDE DURABILITY.\n\n\n\n<strong><i>QPL:</i></strong> MIL-PRF-85285E TYPE I\n\n\n<strong><i>Color specs:</i></strong> RED FSD# 11350<p><b><i>Notice:</i></b> This is a made-to-order product and has a lead time of 30 business days before it can be shiped.</p><hr />",,,taxable,,1,100,,0,0,23.00,9.00,15.00,9.00,0,,,850.00,"PAINTS > MIL-TOPCOAT",,,https://jdlindustries.com/wp-content/uploads/hentzen-mil-gallon-1024.jpg,,,,,,,,,0,fixed,1,"5:850.00",,,Color,RED,1,1,Weight,23.00,1,1,Manufacturer,HENTZEN,1,1,"Unit of Measure",KIT,1,1,UPC,,1,1,Barcode1,,1,1,Barcode2,,1,1,"Vendor SKU","K31362RPX-T1 + CAT 06480CMU",1,1,Aviation,Yes,1,1,Marine,No,1,1,Industrial,No,1,1,Hazardous,Yes,1,1,Special packaging,No,1,1,Ship frozen,No,1,1,Family,PAINT,1,1,Lead time,30 business days,1,1,,,,
,simple,HZK31363YPX-T1,HZK31363YPX-T1,1,0,visible,"MIL-PRF-85285E TYP I, YELLOW 13655 1GL/KIT","YELLOW GLOSS HIGH SOLID URETHANE, FEDE. STD. 595 COLOR # 13655 PER MIL-PRF-85285 TYPE 1.\nTHIS URETHANE COATING EXHIBITS CHEMICAL RESISTANCE, OUTSTANDING TOUGHNESS, FLEXIBILITY, ABRASION RESISTANCE AND EXCELLENT\nOUTSIDE DURABILITY.\n",,,taxable,,1,100,,0,0,23.00,9.00,15.00,9.00,0,,,850.00,"PAINTS > MIL-TOPCOAT",,,https://jdlindustries.com/wp-content/uploads/hentzen-mil-gallon-1024.jpg,,,,,,,,,0,fixed,1,"5:850.00",,,Color,YELLOW,1,1,Weight,23.00,1,1,Manufacturer,HENTZEN,1,1,"Unit of Measure",KIT,1,1,UPC,,1,1,Barcode1,,1,1,Barcode2,,1,1,"Vendor SKU",HZK31363YPX-T1_G,1,1,Aviation,Yes,1,1,Marine,No,1,1,Industrial,No,1,1,Hazardous,Yes,1,1,Special packaging,Yes,1,1,Ship frozen,No,1,1,Family,PAINT,1,1,Lead time,Available from stock,1,1,,,,
,simple,HZK31578APX-T1,HZK31578APX-T1,1,0,visible,"36099GRAY FLAT MIL-PRF-85285E,TY I &amp; IV , CL H  3/1 M\n\n\n<strong><i>QPL:</i></strong> LMCO FMS-1027 TY V; MIL-PRF-85285E, TYPE I &amp; IV CLASS H","MIL-PRF-85285E, TYPE I &amp; IV, CLASS H - ONE GALLON KIT .75 GL BASE TO ONE QUART CATALYST 35502CMU MAKES ONE GALLON\nPOLYURETHANE, HIGH SOLIDS, 2.8 VOC, AIRCRAFT APPLICATION.\nPAINT IS TO BE APPLIED OVER APPROVED MIL-PRF-23377 OR MIL-PRF-85582 PRIMERS TO 0.60 - .09 MILLS DFT\n\n\n<strong><i>QPL:</i></strong> LMCO FMS-1027 TY V; MIL-PRF-85285E, TYPE I &amp;amp; IV CLASS H",,,taxable,,1,100,,0,0,23.00,9.00,15.00,9.00,0,,,850.00,PAINTS,,,https://jdlindustries.com/wp-content/uploads/hentzen-mil-gallon-1024.jpg,,,,,,,,,0,fixed,1,"5:850.00",,,Color,GRAY,1,1,Weight,23.00,1,1,Manufacturer,HENTZEN,1,1,"Unit of Measure","1-GL KIT",1,1,UPC,,1,1,Barcode1,,1,1,Barcode2,,1,1,"Vendor SKU",K31578APX-,1,1,Aviation,Yes,1,1,Marine,No,1,1,Industrial,No,1,1,Hazardous,No,1,1,Special packaging,No,1,1,Ship frozen,No,1,1,Family,PAINT,1,1,Lead time,Available from stock,1,1,,,,
,simple,HZK31675LPX-T1,HZK31675LPX-T1,1,0,visible,"MIL-PRF-85285E TYP I, CLASS H  DARK GREEN  COLUMBIA PO\n\n\n<strong><i>QPL:</i></strong> MIL-PRF-85285E, TYPE I\n\n\n<strong><i>Color specs:</i></strong> RED","DARK GREEN COLUMBIA POLICE HIGH SOLID URETHANE, PER MIL-PRF-85285 TYPE 1.\nTHIS URETHANE COATING EXHIBITS CHEMICAL RESISTANCE, OUTSTANDING TOUGHNESS, FLEXIBILITY, ABRASION RESISTANCE AND EXCELLENT\nOUTSIDE DURABILITY.\n\n\n\n\n<strong><i>QPL:</i></strong> MIL-PRF-85285E, TYPE I\n\n\n<strong><i>Color specs:</i></strong> RED<p><b><i>Notice:</i></b> This is a made-to-order product and has a lead time of 30 business days before it can be shiped.</p><hr />",,,taxable,,1,100,,0,0,23.00,9.00,15.00,9.00,0,,,850.00,"PAINTS > MIL-TOPCOAT",,,https://jdlindustries.com/wp-content/uploads/hentzen-mil-gallon-1024.jpg,,,,,,,,,0,fixed,1,"5:850.00",,,Color,"DARK GREEN",1,1,Weight,23.00,1,1,Manufacturer,HENTZEN,1,1,"Unit of Measure","1-GL KIT",1,1,UPC,,1,1,Barcode1,,1,1,Barcode2,,1,1,"Vendor SKU","K31675LPX-T1 + CAT 06480CMU",1,1,Aviation,Yes,1,1,Marine,No,1,1,Industrial,No,1,1,Hazardous,Yes,1,1,Special packaging,No,1,1,Ship frozen,No,1,1,Family,PAINT,1,1,Lead time,30 business days,1,1,,,,
,simple,"HZK3174YVP-1  K-2GL","HZK3174YVP-1  K-2GL",1,0,visible,"3174YVP-1 MIL-C-8514C YELLOW WASH PRIMER 2 GL-KIT\n\n\n<strong><i>QPL:</i></strong> MIL-C-8514C\n\n\n<strong><i>Color specs:</i></strong> YELLOW","MIL-C-8514C PRIMER COLOR YELLOW ( WASH ) PRETREATMENT CATALYST 3175SSC \n\nDEFENSE PRIMERS\n\n\n<strong><i>QPL:</i></strong> MIL-C-8514C\n\n\n<strong><i>Color specs:</i></strong> YELLOW<p><b><i>Notice:</i></b> This is a made-to-order product and has a lead time of 30 business days before it can be shiped.</p><hr />",,,taxable,,1,100,,0,0,23.00,9.00,15.00,9.00,0,,,353.00,"HENZ MIL P > MIL-PRIMERS",,,https://jdlindustries.com/wp-content/uploads/hentzen-mil-gallon-1024.jpg,,,,,,,,,0,fixed,1,"1:366.00,5:335.50,10:305.00,50:244.00,100:182.95",,,Color,YELLOW,1,1,Weight,23.00,1,1,Manufacturer,HENTZEN,1,1,"Unit of Measure",KIT,1,1,UPC,,1,1,Barcode1,,1,1,Barcode2,,1,1,"Vendor SKU","3174YVP-1 / 3175SSC",1,1,Aviation,Yes,1,1,Marine,No,1,1,Industrial,No,1,1,Hazardous,Yes,1,1,Special packaging,Yes,1,1,Ship frozen,No,1,1,Family,PRIMER,1,1,Lead time,30 business days,1,1,,,,
,simple,HZK32201WPX-T1,HZK32201WPX-T1,1,0,visible,"17925 WHITE GLOSS MIL-PRF-85285E,TY II, CL H  3/1 MIX","MIL-PRF-85285E, TYPE II, CLASS H - ONE GALLON KIT .75 GL BASE TO ONE QUART CATALYST 06840 MAKES ONE GALLON\nPOLYURETHANE, HIGH SOLIDS, 2.8 VOC, AIRCRAFT APPLICATION.\nPAINT IS TO BE APPLIED OVER APPROVED MIL-PRF-23377 OR MIL-PRF-85582 PRIMERS TO 0.60 - .09 MILLS DFT<p><b><i>Notice:</i></b> This is a made-to-order product and has a lead time of 3 business days before it can be shiped.</p><hr />",,,taxable,,1,100,,0,0,23.00,9.00,15.00,9.00,0,,,393.50,"PAINTS > MIL-TOPCOAT",,,https://jdlindustries.com/wp-content/uploads/hentzen-mil-gallon-1024.jpg,,,,,,,,,0,fixed,1,"1:393.50,5:365.50,10:337.50,50:225.00,100:168.65",,,Color,WHITE,1,1,Weight,23.00,1,1,Manufacturer,HENTZEN,1,1,"Unit of Measure","1-GL KIT",1,1,UPC,,1,1,Barcode1,,1,1,Barcode2,,1,1,"Vendor SKU","K32201WPX-T2  + CAT 06480CMU",1,1,Aviation,Yes,1,1,Marine,No,1,1,Industrial,No,1,1,Hazardous,Yes,1,1,Special packaging,No,1,1,Ship frozen,No,1,1,Family,PAINT,1,1,Lead time,3 business days,1,1,,,,
,simple,HZK32202YPX-T1,HZK32202YPX-T1,1,0,visible,"13538 YELLOW GLOSS MIL-PRF-85285E,TY I, CL H  3/1 MIX","MIL-PRF-85285E, TYPE II, CLASS H - ONE GALLON KIT .75 GL BASE TO ONE QUART CATALYST 06840 MAKES ONE GALLON\nPOLYURETHANE, HIGH SOLIDS, 2.8 VOC, AIRCRAFT APPLICATION.\nPAINT IS TO BE APPLIED OVER APPROVED MIL-PRF-23377 OR MIL-PRF-85582 PRIMERS TO 0.60 - .09 MILLS DFT<p><b><i>Notice:</i></b> This is a made-to-order product and has a lead time of 30 business days before it can be shiped.</p><hr />",,,taxable,,1,100,,0,0,23.00,9.00,15.00,9.00,0,,,481.85,"PAINTS > MIL-TOPCOAT",,,https://jdlindustries.com/wp-content/uploads/hentzen-mil-gallon-1024.jpg,,,,,,,,,0,fixed,1,"1:481.85,5:447.50,10:413.00,50:275.50,100:206.50",,,Color,YELLOW,1,1,Weight,23.00,1,1,Manufacturer,HENTZEN,1,1,"Unit of Measure","1-GL KIT",1,1,UPC,,1,1,Barcode1,,1,1,Barcode2,,1,1,"Vendor SKU","K32202YPX-T2  + CAT 06480CMU",1,1,Aviation,Yes,1,1,Marine,No,1,1,Industrial,No,1,1,Hazardous,Yes,1,1,Special packaging,No,1,1,Ship frozen,No,1,1,Family,PAINT,1,1,Lead time,30 business days,1,1,,,,
,simple,HZK32204KPX-T1,HZK32204KPX-T1,1,0,visible,"17038 BLACK GLOSS MIL-PRF-85285, TYPE II  CAT.0648OCMU","MIL-PRF-85285E, TYPE II, CLASS H - ONE GALLON KIT .75 GL BASE TO ONE QUART CATALYST 06840 MAKES ONE GALLON\nPOLYURETHANE, HIGH SOLIDS, 2.8 VOC, AIRCRAFT APPLICATION.\nPAINT IS TO BE APPLIED OVER APPROVED MIL-PRF-23377 OR MIL-PRF-85582 PRIMERS TO 0.60 - .09 MILLS DFT<p><b><i>Notice:</i></b> This is a made-to-order product and has a lead time of 3 business days before it can be shiped.</p><hr />",,,taxable,,1,100,,0,0,23.00,9.00,15.00,9.00,0,,,393.50,"PAINTS > MIL-TOPCOAT",,,https://jdlindustries.com/wp-content/uploads/hentzen-mil-gallon-1024.jpg,,,,,,,,,0,fixed,1,"1:393.50,5:365.50,10:337.50,50:225.00,100:168.65",,,Color,BLACK,1,1,Weight,23.00,1,1,Manufacturer,HENTZEN,1,1,"Unit of Measure","1-GL KIT",1,1,UPC,,1,1,Barcode1,,1,1,Barcode2,,1,1,"Vendor SKU","K32204KPX2-T2  + CAT 06480CMU",1,1,Aviation,Yes,1,1,Marine,No,1,1,Industrial,No,1,1,Hazardous,Yes,1,1,Special packaging,Yes,1,1,Ship frozen,No,1,1,Family,PAINT,1,1,Lead time,3 business days,1,1,,,,
,simple,HZK32205KPX-T1,HZK32205KPX-T1,1,0,visible,"37038 BLACK FLAT MI-LPRF-85285E TYP II, CAT.0648OCMU","MIL-PRF-85285E, TYPE II, CLASS H - ONE GALLON KIT .75 GL BASE TO ONE QUART CATALYST 06840 MAKES ONE GALLON\nPOLYURETHANE, HIGH SOLIDS, 2.8 VOC, AIRCRAFT APPLICATION.\nPAINT IS TO BE APPLIED OVER APPROVED MIL-PRF-23377 OR MIL-PRF-85582 PRIMERS TO 0.60 - .09 MILLS DFT<p><b><i>Notice:</i></b> This is a made-to-order product and has a lead time of 3 business days before it can be shiped.</p><hr />",,,taxable,,1,100,,0,0,23.00,9.00,15.00,9.00,0,,,393.50,"PAINTS > MIL-TOPCOAT",,,https://jdlindustries.com/wp-content/uploads/hentzen-mil-gallon-1024.jpg,,,,,,,,,0,fixed,1,"1:393.50,5:365.50,10:337.50,50:225.00,100:168.65",,,Color,BLACK,1,1,Weight,23.00,1,1,Manufacturer,HENTZEN,1,1,"Unit of Measure","1-GL KIT",1,1,UPC,,1,1,Barcode1,,1,1,Barcode2,,1,1,"Vendor SKU","K32205KPX-T2  + CAT 06480CMU",1,1,Aviation,Yes,1,1,Marine,No,1,1,Industrial,No,1,1,Hazardous,Yes,1,1,Special packaging,No,1,1,Ship frozen,No,1,1,Family,PAINT,1,1,Lead time,3 business days,1,1,,,,
,simple,HZK32206GPX-T1,HZK32206GPX-T1,1,0,visible,"24052 GREEN S-GLOSS MIL-PRF-85285, TYPE II CAT.0648OCM","MIL-PRF-85285E, TYPE II, CLASS H - ONE GALLON KIT .75 GL BASE TO ONE QUART CATALYST 06840 MAKES ONE GALLON\nPOLYURETHANE, HIGH SOLIDS, 2.8 VOC, AIRCRAFT APPLICATION.\nPAINT IS TO BE APPLIED OVER APPROVED MIL-PRF-23377 OR MIL-PRF-85582 PRIMERS TO 0.60 - .09 MILLS DFT<p><b><i>Notice:</i></b> This is a made-to-order product and has a lead time of 30 business days before it can be shiped.</p><hr />",,,taxable,,1,100,,0,0,23.00,9.00,15.00,9.00,0,,,481.85,"PAINTS > MIL-TOPCOAT",,,https://jdlindustries.com/wp-content/uploads/hentzen-mil-gallon-1024.jpg,,,,,,,,,0,fixed,1,"1:481.50,5:447.50,10:413.00,50:275.50,100:206.50",,,Color,GREEN,1,1,Weight,23.00,1,1,Manufacturer,HENTZEN,1,1,"Unit of Measure","1-GL KIT",1,1,UPC,,1,1,Barcode1,,1,1,Barcode2,,1,1,"Vendor SKU","K32206GPX-T2  + CAT 06480CMU",1,1,Aviation,Yes,1,1,Marine,No,1,1,Industrial,No,1,1,Hazardous,Yes,1,1,Special packaging,No,1,1,Ship frozen,No,1,1,Family,PAINT,1,1,Lead time,30 business days,1,1,,,,
,simple,HZK32211RPX-T1,HZK32211RPX-T1,1,0,visible,"11136 RED GLOSS MIL-PRF-85285E, TYPE II 3/1CAT.0648OCM","MIL-PRF-85285E, TYPE II, CLASS H - ONE GALLON KIT .75 GL BASE TO ONE QUART CATALYST 06840 MAKES ONE GALLON\nPOLYURETHANE, HIGH SOLIDS, 2.8 VOC, AIRCRAFT APPLICATION.\nPAINT IS TO BE APPLIED OVER APPROVED MIL-PRF-23377 OR MIL-PRF-85582 PRIMERS TO 0.60 - .09 MILLS DFT<p><b><i>Notice:</i></b> This is a made-to-order product and has a lead time of 3 business days before it can be shiped.</p><hr />",,,taxable,,1,100,,0,0,23.00,9.00,15.00,9.00,0,,,481.85,"PAINTS > MIL-TOPCOAT",,,https://jdlindustries.com/wp-content/uploads/hentzen-mil-gallon-1024.jpg,,,,,,,,,0,fixed,1,"1:481.85,5:447.50,10:413.00,50:275.50,100:206.50",,,Color,RED,1,1,Weight,23.00,1,1,Manufacturer,HENTZEN,1,1,"Unit of Measure","1-GL KIT",1,1,UPC,,1,1,Barcode1,,1,1,Barcode2,,1,1,"Vendor SKU","K32202RPX-T2  + CAT 06480CMU",1,1,Aviation,Yes,1,1,Marine,No,1,1,Industrial,No,1,1,Hazardous,Yes,1,1,Special packaging,No,1,1,Ship frozen,No,1,1,Family,PAINT,1,1,Lead time,3 business days,1,1,,,,
,simple,HZK32212APX-T1,HZK32212APX-T1,1,0,visible,"16440 GRAY GLOSS MIL-PRF-85285E, TYPE II 3/1 CAT.0648O","MIL-PRF-85285E, TYPE II, CLASS H - ONE GALLON KIT .75 GL BASE TO ONE QUART CATALYST 06840 MAKES ONE GALLON\nPOLYURETHANE, HIGH SOLIDS, 2.8 VOC, AIRCRAFT APPLICATION.\nPAINT IS TO BE APPLIED OVER APPROVED MIL-PRF-23377 OR MIL-PRF-85582 PRIMERS TO 0.60 - .09 MILLS DFT<p><b><i>Notice:</i></b> This is a made-to-order product and has a lead time of 3 business days before it can be shiped.</p><hr />",,,taxable,,1,100,,0,0,23.00,9.00,15.00,9.00,0,,,393.50,"PAINTS > MIL-TOPCOAT",,,https://jdlindustries.com/wp-content/uploads/hentzen-mil-gallon-1024.jpg,,,,,,,,,0,fixed,1,"1:393.50,5:365.50,10:337.50,50:225.00,100:168.65",,,Color,GRAY,1,1,Weight,23.00,1,1,Manufacturer,HENTZEN,1,1,"Unit of Measure","1-GL KIT",1,1,UPC,,1,1,Barcode1,,1,1,Barcode2,,1,1,"Vendor SKU","K32212APX-T2  + CAT 06480CMU",1,1,Aviation,Yes,1,1,Marine,No,1,1,Industrial,No,1,1,Hazardous,Yes,1,1,Special packaging,No,1,1,Ship frozen,No,1,1,Family,PAINT,1,1,Lead time,3 business days,1,1,,,,
,simple,HZK32215APX-T1,HZK32215APX-T1,1,0,visible,"26307 GRAY S-GLOSS MIL-PRF-85285E, TYPE II 3/1 CAT.064","MIL-PRF-85285E, TYPE II, CLASS H - ONE GALLON KIT .75 GL BASE TO ONE QUART CATALYST 06840 MAKES ONE GALLON\nPOLYURETHANE, HIGH SOLIDS, 2.8 VOC, AIRCRAFT APPLICATION.\nPAINT IS TO BE APPLIED OVER APPROVED MIL-PRF-23377 OR MIL-PRF-85582 PRIMERS TO 0.60 - .09 MILLS DFT<p><b><i>Notice:</i></b> This is a made-to-order product and has a lead time of 3 business days before it can be shiped.</p><hr />",,,taxable,,1,100,,0,0,23.00,9.00,15.00,9.00,0,,,393.50,"PAINTS > MIL-TOPCOAT",,,https://jdlindustries.com/wp-content/uploads/hentzen-mil-gallon-1024.jpg,,,,,,,,,0,fixed,1,"1:393.50,5:365.50,10:337.50,50:225.00,100:168.65",,,Color,GRAY,1,1,Weight,23.00,1,1,Manufacturer,HENTZEN,1,1,"Unit of Measure","1-GL KIT",1,1,UPC,,1,1,Barcode1,,1,1,Barcode2,,1,1,"Vendor SKU","K32215APX-T2 + CAT 06480CMU",1,1,Aviation,Yes,1,1,Marine,No,1,1,Industrial,No,1,1,Hazardous,Yes,1,1,Special packaging,No,1,1,Ship frozen,No,1,1,Family,PAINT,1,1,Lead time,3 business days,1,1,,,,
,simple,HZK32218WPX-T1,HZK32218WPX-T1,1,0,visible,"27875 WHTE S-GLOSS MIL-PRF-85285E, TYPE II 3/1 CAT.064","MIL-PRF-85285E, TYPE II, CLASS H - ONE GALLON KIT .75 GL BASE TO ONE QUART CATALYST 06840 MAKES ONE GALLON\nPOLYURETHANE, HIGH SOLIDS, 2.8 VOC, AIRCRAFT APPLICATION.\nPAINT IS TO BE APPLIED OVER APPROVED MIL-PRF-23377 OR MIL-PRF-85582 PRIMERS TO 0.60 - .09 MILLS DFT<p><b><i>Notice:</i></b> This is a made-to-order product and has a lead time of 3 business days before it can be shiped.</p><hr />",,,taxable,,1,100,,0,0,23.00,9.00,15.00,9.00,0,,,393.50,"PAINTS > MIL-TOPCOAT",,,https://jdlindustries.com/wp-content/uploads/hentzen-mil-gallon-1024.jpg,,,,,,,,,0,fixed,1,"1:393.50,5:365.50,10:337.50,50:225.00,100:168.65",,,Color,WHITE,1,1,Weight,23.00,1,1,Manufacturer,HENTZEN,1,1,"Unit of Measure","1-GL KIT",1,1,UPC,,1,1,Barcode1,,1,1,Barcode2,,1,1,"Vendor SKU","K32218WPX-T2 + CAT 06480CMU",1,1,Aviation,Yes,1,1,Marine,No,1,1,Industrial,No,1,1,Hazardous,Yes,1,1,Special packaging,Yes,1,1,Ship frozen,No,1,1,Family,PAINT,1,1,Lead time,3 business days,1,1,,,,
,simple,HZK32221APX-T1,HZK32221APX-T1,1,0,visible,"36375 GRAY FLAT MIL-PRF-85285E,TYPE II CAT.0648OCMU","MIL-PRF-85285E, TYPE II, CLASS H - ONE GALLON KIT .75 GL BASE TO ONE QUART CATALYST 06840 MAKES ONE GALLON\nPOLYURETHANE, HIGH SOLIDS, 2.8 VOC, AIRCRAFT APPLICATION.\nPAINT IS TO BE APPLIED OVER APPROVED MIL-PRF-23377 OR MIL-PRF-85582 PRIMERS TO 0.60 - .09 MILLS DFT<p><b><i>Notice:</i></b> This is a made-to-order product and has a lead time of 3 business days before it can be shiped.</p><hr />",,,taxable,,1,100,,0,0,23.00,9.00,15.00,9.00,0,,,393.50,"PAINTS > MIL-TOPCOAT",,,https://jdlindustries.com/wp-content/uploads/hentzen-mil-gallon-1024.jpg,,,,,,,,,0,fixed,1,"1:393.50,5:365.50,10:337.50,50:225.00,100:168.65",,,Color,GRAY,1,1,Weight,23.00,1,1,Manufacturer,HENTZEN,1,1,"Unit of Measure","1-GL KIT",1,1,UPC,,1,1,Barcode1,,1,1,Barcode2,,1,1,"Vendor SKU","K32221APX-T2  + CAT 06480CMU",1,1,Aviation,Yes,1,1,Marine,No,1,1,Industrial,No,1,1,Hazardous,Yes,1,1,Special packaging,Yes,1,1,Ship frozen,No,1,1,Family,PAINT,1,1,Lead time,3 business days,1,1,,,,
,simple,HZK32234NPX-T1,HZK32234NPX-T1,1,0,visible,"12197 ORANGE GLOSS MIL-PRF-85285E,TYPE II CAT.0648OCMU","MIL-PRF-85285E, TYPE II, CLASS H - ONE GALLON KIT .75 GL BASE TO ONE QUART CATALYST 06840 MAKES ONE GALLON\nPOLYURETHANE, HIGH SOLIDS, 2.8 VOC, AIRCRAFT APPLICATION.\nPAINT IS TO BE APPLIED OVER APPROVED MIL-PRF-23377 OR MIL-PRF-85582 PRIMERS TO 0.60 - .09 MILLS DFT<p><b><i>Notice:</i></b> This is a made-to-order product and has a lead time of 30 business days before it can be shiped.</p><hr />",,,taxable,,1,100,,0,0,23.00,9.00,15.00,9.00,0,,,481.85,"PAINTS > MIL-TOPCOAT",,,https://jdlindustries.com/wp-content/uploads/hentzen-mil-gallon-1024.jpg,,,,,,,,,0,fixed,1,"1:481.85,5:447.50,10:413.00,50:275.50,100:206.50",,,Color,ORANGE,1,1,Weight,23.00,1,1,Manufacturer,HENTZEN,1,1,"Unit of Measure","1-GL KIT",1,1,UPC,,1,1,Barcode1,,1,1,Barcode2,,1,1,"Vendor SKU","HZK32234NPX-T2 + CAT 06480CMU",1,1,Aviation,Yes,1,1,Marine,No,1,1,Industrial,No,1,1,Hazardous,Yes,1,1,Special packaging,Yes,1,1,Ship frozen,No,1,1,Family,PAINT,1,1,Lead time,30 business days,1,1,,,,
,simple,HZK32235KPX-T1,HZK32235KPX-T1,1,0,visible,"27038 BLACK S-GLOSS MIL-PRF-85285E, TYPE II 3/1 CAT.06","MIL-PRF-85285E, TYPE II, CLASS H - ONE GALLON KIT .75 GL BASE TO ONE QUART CATALYST 06840 MAKES ONE GALLON\nPOLYURETHANE, HIGH SOLIDS, 2.8 VOC, AIRCRAFT APPLICATION.\nPAINT IS TO BE APPLIED OVER APPROVED MIL-PRF-23377 OR MIL-PRF-85582 PRIMERS TO 0.60 - .09 MILLS DFT<p><b><i>Notice:</i></b> This is a made-to-order product and has a lead time of 3 business days before it can be shiped.</p><hr />",,,taxable,,1,100,,0,0,23.00,9.00,15.00,9.00,0,,,393.50,"PAINTS > MIL-TOPCOAT",,,https://jdlindustries.com/wp-content/uploads/hentzen-mil-gallon-1024.jpg,,,,,,,,,0,fixed,1,"1:393.50,5:365.50,10:337.50,50:225.00,100:168.65",,,Color,BLACK,1,1,Weight,23.00,1,1,Manufacturer,HENTZEN,1,1,"Unit of Measure","1-GL KIT",1,1,UPC,,1,1,Barcode1,,1,1,Barcode2,,1,1,"Vendor SKU","K32235KPX-T2  CAT 06480CMU",1,1,Aviation,Yes,1,1,Marine,No,1,1,Industrial,No,1,1,Hazardous,Yes,1,1,Special packaging,Yes,1,1,Ship frozen,No,1,1,Family,PAINT,1,1,Lead time,3 business days,1,1,,,,
,simple,HZK32236WPX-T1,HZK32236WPX-T1,1,0,visible,"17875 WHITE GLOSS MIL-PRF-85285E,TYPE II CAT.0648OCMU","MIL-PRF-85285E, TYPE II, CLASS H - ONE GALLON KIT .75 GL BASE TO ONE QUART CATALYST 06840 MAKES ONE GALLON\nPOLYURETHANE, HIGH SOLIDS, 2.8 VOC, AIRCRAFT APPLICATION.\nPAINT IS TO BE APPLIED OVER APPROVED MIL-PRF-23377 OR MIL-PRF-85582 PRIMERS TO 0.60 - .09 MILLS DFT<p><b><i>Notice:</i></b> This is a made-to-order product and has a lead time of 3 business days before it can be shiped.</p><hr />",,,taxable,,1,100,,0,0,23.00,9.00,15.00,9.00,0,,,393.50,"PAINTS > MIL-TOPCOAT",,,https://jdlindustries.com/wp-content/uploads/hentzen-mil-gallon-1024.jpg,,,,,,,,,0,fixed,1,"1:393.50,5:365.50,10:337.50,50:225.00,100:168.65",,,Color,WHITE,1,1,Weight,23.00,1,1,Manufacturer,HENTZEN,1,1,"Unit of Measure","1-GL KIT",1,1,UPC,,1,1,Barcode1,,1,1,Barcode2,,1,1,"Vendor SKU","K32236WPX-T2  CAT 06480CMU",1,1,Aviation,Yes,1,1,Marine,No,1,1,Industrial,No,1,1,Hazardous,Yes,1,1,Special packaging,Yes,1,1,Ship frozen,No,1,1,Family,PAINT,1,1,Lead time,3 business days,1,1,,,,
,simple,HZK32239APX-T1,HZK32239APX-T1,1,0,visible,"36231 GRAY FLAT MIL-PRF-85285E,TYPE II CAT.0648OCMU","MIL-PRF-85285E, TYPE II, CLASS H - ONE GALLON KIT .75 GL BASE TO ONE QUART CATALYST 06840 MAKES ONE GALLON\nPOLYURETHANE, HIGH SOLIDS, 2.8 VOC, AIRCRAFT APPLICATION.\nPAINT IS TO BE APPLIED OVER APPROVED MIL-PRF-23377 OR MIL-PRF-85582 PRIMERS TO 0.60 - .09 MILLS DFT<p><b><i>Notice:</i></b> This is a made-to-order product and has a lead time of 3 business days before it can be shiped.</p><hr />",,,taxable,,1,100,,0,0,23.00,9.00,15.00,9.00,0,,,393.50,"PAINTS > MIL-TOPCOAT",,,https://jdlindustries.com/wp-content/uploads/hentzen-mil-gallon-1024.jpg,,,,,,,,,0,fixed,1,"1:393.50,5:365.50,10:337.50,50:225.00,100:168.65",,,Color,GRAY,1,1,Weight,23.00,1,1,Manufacturer,HENTZEN,1,1,"Unit of Measure","1-GL KIT",1,1,UPC,,1,1,Barcode1,,1,1,Barcode2,,1,1,"Vendor SKU","K32239APX-T2  CAT 06480CMU",1,1,Aviation,Yes,1,1,Marine,No,1,1,Industrial,No,1,1,Hazardous,Yes,1,1,Special packaging,Yes,1,1,Ship frozen,No,1,1,Family,PAINT,1,1,Lead time,3 business days,1,1,,,,
,simple,HZK32240APX-T1,HZK32240APX-T1,1,0,visible,"36320 GRAY FLAT MIL-PRF-85285E,TYPE II CAT.0648OCMU","MIL-PRF-85285E, TYPE II, CLASS H - ONE GALLON KIT .75 GL BASE TO ONE QUART CATALYST 06840 MAKES ONE GALLON\nPOLYURETHANE, HIGH SOLIDS, 2.8 VOC, AIRCRAFT APPLICATION.\nPAINT IS TO BE APPLIED OVER APPROVED MIL-PRF-23377 OR MIL-PRF-85582 PRIMERS TO 0.60 - .09 MILLS DFT<p><b><i>Notice:</i></b> This is a made-to-order product and has a lead time of 3 business days before it can be shiped.</p><hr />",,,taxable,,1,100,,0,0,23.00,9.00,15.00,9.00,0,,,393.50,"PAINTS > MIL-TOPCOAT",,,https://jdlindustries.com/wp-content/uploads/hentzen-mil-gallon-1024.jpg,,,,,,,,,0,fixed,1,"1:393.50,5:365.50,10:337.50,50:225.00,100:168.65",,,Color,GRAY,1,1,Weight,23.00,1,1,Manufacturer,HENTZEN,1,1,"Unit of Measure","1-GL KIT",1,1,UPC,,1,1,Barcode1,,1,1,Barcode2,,1,1,"Vendor SKU","K32240APX-T2  CAT 06480CMU",1,1,Aviation,Yes,1,1,Marine,No,1,1,Industrial,No,1,1,Hazardous,Yes,1,1,Special packaging,Yes,1,1,Ship frozen,No,1,1,Family,PAINT,1,1,Lead time,3 business days,1,1,,,,
,simple,HZK32242APX-T1,HZK32242APX-T1,1,0,visible,"36176 GRAY FLAT MIL-PRF-85285E,TYPE II CAT.0648OCMU","MIL-PRF-85285E, TYPE II, CLASS H - ONE GALLON KIT .75 GL BASE TO ONE QUART CATALYST 06840 MAKES ONE GALLON\nPOLYURETHANE, HIGH SOLIDS, 2.8 VOC, AIRCRAFT APPLICATION.\nPAINT IS TO BE APPLIED OVER APPROVED MIL-PRF-23377 OR MIL-PRF-85582 PRIMERS TO 0.60 - .09 MILLS DFT<p><b><i>Notice:</i></b> This is a made-to-order product and has a lead time of 3 business days before it can be shiped.</p><hr />",,,taxable,,1,100,,0,0,23.00,9.00,15.00,9.00,0,,,393.50,"PAINTS > MIL-TOPCOAT",,,https://jdlindustries.com/wp-content/uploads/hentzen-mil-gallon-1024.jpg,,,,,,,,,0,fixed,1,"1:393.50,5:365.50,10:337.50,50:225.00,100:168.65",,,Color,GRAY,1,1,Weight,23.00,1,1,Manufacturer,HENTZEN,1,1,"Unit of Measure","1-GL KIT",1,1,UPC,,1,1,Barcode1,,1,1,Barcode2,,1,1,"Vendor SKU","K32242APX-T2 + CAT 06480CMU",1,1,Aviation,Yes,1,1,Marine,No,1,1,Industrial,No,1,1,Hazardous,Yes,1,1,Special packaging,Yes,1,1,Ship frozen,No,1,1,Family,PAINT,1,1,Lead time,3 business days,1,1,,,,
,simple,HZK35554ZPX-T1,HZK35554ZPX-T1,1,0,visible,"17178 GRAY FLAT MIL-PRF-85285E,TY I &amp; IV , CL H  3/1 M\n\n\n<strong><i>QPL:</i></strong> LMCO FMS-1027 TY V; MIL-PRF-85285E, TYPE I &amp; IV CLASS H","GRAY FLAT HIGH SOLID URETHANE, FED. STD 595 COLOR # 17178 PER MIL-PRF-85285 TYPE 1\nTHIS URETHANE COATING EXHIBITS CHEMICAL RESISTANCE, OUTSTANDING TOUGHNESS, FLEXIBILITY, ABRASION RESISTANCE AND EXCELLENT\nOUTSIDE DURABILITY.\n\n\n\n\n<strong><i>QPL:</i></strong> LMCO FMS-1027 TY V; MIL-PRF-85285E, TYPE I &amp;amp; IV CLASS H",,,taxable,,1,100,,0,0,23.00,9.00,15.00,9.00,0,,,900.00,"PAINTS > MIL-TOPCOAT",,,https://jdlindustries.com/wp-content/uploads/hentzen-mil-gallon-1024.jpg,,,,,,,,,0,fixed,1,"1:900.00,5:787.50,10:675.00,50:562.50,100:450.00",,,Color,,1,1,Weight,23.00,1,1,Manufacturer,HENTZEN,1,1,"Unit of Measure",KIT,1,1,UPC,K35653APX-G,1,1,Barcode1,,1,1,Barcode2,,1,1,"Vendor SKU",HZK35554ZPX,1,1,Aviation,Yes,1,1,Marine,No,1,1,Industrial,No,1,1,Hazardous,No,1,1,Special packaging,No,1,1,Ship frozen,No,1,1,Family,,1,1,Lead time,Available from stock,1,1,,,,
,simple,HZK35631APX-T1,HZK35631APX-T1,1,0,visible,"36270 GRAY FLAT MIL-PRF-85285E,TY I &amp; V , CL H  3/1 M\n\n\n<strong><i>QPL:</i></strong> LMCO FMS-1027 TY V; MIL-PRF-85285E, TYPE I &amp; IV CLASS H","GRAY FLAT HIGH SOLID URETHANE, FED. STD 595 COLOR # 36270 PER MIL-PRF-85285 TYPE 1\nTHIS URETHANE COATING EXHIBITS CHEMICAL RESISTANCE, OUTSTANDING TOUGHNESS, FLEXIBILITY, ABRASION RESISTANCE AND EXCELLENT\nOUTSIDE DURABILITY.\n\n\n\n<strong><i>QPL:</i></strong> LMCO FMS-1027 TY V; MIL-PRF-85285E, TYPE I &amp;amp; IV CLASS H",,,taxable,,1,5,,0,0,23.00,9.00,15.00,9.00,0,,,850.00,"PAINTS > MIL-TOPCOAT",,,https://jdlindustries.com/wp-content/uploads/hentzen-mil-gallon-1024.jpg,,,,,,,,,0,fixed,1,"5:850.00",,,Color,GRAY,1,1,Weight,23.00,1,1,Manufacturer,HENTZEN,1,1,"Unit of Measure","1-GL KIT",1,1,UPC,,1,1,Barcode1,,1,1,Barcode2,,1,1,"Vendor SKU",K35631APX-35502CMU,1,1,Aviation,Yes,1,1,Marine,No,1,1,Industrial,No,1,1,Hazardous,No,1,1,Special packaging,No,1,1,Ship frozen,No,1,1,Family,PAINT,1,1,Lead time,Available from stock,1,1,,,,
,simple,HZK35653APX-T1,HZK35653APX-T1,1,0,visible,"36099GRAY FLAT MIL-PRF-85285E,TY I &amp; IV , CL H  3/1 M\n\n\n<strong><i>QPL:</i></strong> LMCO FMS-1027 TY V; MIL-PRF-85285E, TYPE I &amp; IV CLASS H","MIL-PRF-85285E, TYPE I &amp; IV, CLASS H - ONE GALLON KIT .75 GL BASE TO ONE QUART CATALYST 35502CMU MAKES ONE GALLON\nPOLYURETHANE, HIGH SOLIDS, 2.8 VOC, AIRCRAFT APPLICATION.\nPAINT IS TO BE APPLIED OVER APPROVED MIL-PRF-23377 OR MIL-PRF-85582 PRIMERS TO 0.60 - .09 MILLS DFT\n\n\n<strong><i>QPL:</i></strong> LMCO FMS-1027 TY V; MIL-PRF-85285E, TYPE I &amp;amp; IV CLASS H",,,taxable,,1,100,,0,0,23.00,9.00,15.00,9.00,0,,,850.00,"PAINTS > MIL-TOPCOAT",,,https://jdlindustries.com/wp-content/uploads/hentzen-mil-gallon-1024.jpg,,,,,,,,,0,fixed,1,"5:850.00",,,Color,,1,1,Weight,23.00,1,1,Manufacturer,HENTZEN,1,1,"Unit of Measure",KIT,1,1,UPC,K35653APX-G,1,1,Barcode1,,1,1,Barcode2,,1,1,"Vendor SKU",K35653APX-G,1,1,Aviation,Yes,1,1,Marine,No,1,1,Industrial,No,1,1,Hazardous,No,1,1,Special packaging,Yes,1,1,Ship frozen,No,1,1,Family,,1,1,Lead time,Available from stock,1,1,,,,
,simple,HZK4708WPX-T1,HZK4708WPX-T1,1,0,visible,"17925 WHITE GLOSS MIL-PRF-85285E,TYPE I CAT.0648OCMU\n\n\n<strong><i>QPL:</i></strong> MIL-PRF-85285E, TYPE I\n\n\n<strong><i>Color specs:</i></strong> WHITE GLOSS FED-STD 17925","MIL-PRF-85285E, TYPE I, CLASS H - ONE GALLON KIT .75 GL BASE TO ONE QUART CATALYST 06840 MAKES ONE GALLON\nPOLYURETHANE, HIGH SOLIDS, 2.8 VOC, AIRCRAFT APPLICATION.\nPAINT IS TO BE APPLIED OVER APPROVED MIL-PRF-23377 OR MIL-PRF-85582 PRIMERS TO 0.60 - .09 MILLS DFT\n\n\n<strong><i>QPL:</i></strong> MIL-PRF-85285E, TYPE I\n\n\n<strong><i>Color specs:</i></strong> WHITE GLOSS FED-STD 17925<p><b><i>Notice:</i></b> This is a made-to-order product and has a lead time of 30 business days before it can be shiped.</p><hr />",,,taxable,,1,100,,0,0,23.00,9.00,15.00,9.00,0,,,393.50,"PAINTS > MIL-TOPCOAT",,,https://jdlindustries.com/wp-content/uploads/hentzen-mil-gallon-1024.jpg,,,,,,,,,0,fixed,1,"1:393.50,5:365.50,10:337.50,50:225.00,100:168.65",,,Color,WHITE,1,1,Weight,23.00,1,1,Manufacturer,HENTZEN,1,1,"Unit of Measure","1-GL KIT",1,1,UPC,,1,1,Barcode1,,1,1,Barcode2,,1,1,"Vendor SKU","K4708WPX-T1 + CAT 06480CMU",1,1,Aviation,Yes,1,1,Marine,No,1,1,Industrial,No,1,1,Hazardous,Yes,1,1,Special packaging,Yes,1,1,Ship frozen,No,1,1,Family,PAINT,1,1,Lead time,30 business days,1,1,,,,
,simple,HZK4712APX-T1,HZK4712APX-T1,1,0,visible,"36375 GRAY FLAT MIL-PRF-85285E,TYPE I CAT.0648OCMU\n\n\n<strong><i>QPL:</i></strong> MIL-PRF-85285E, TYPE I\n\n\n<strong><i>Color specs:</i></strong> GRAY FLAT FED-STD 36375","MIL-PRF-85285E, TYPE I, CLASS H - ONE GALLON KIT .75 GL BASE TO ONE QUART CATALYST 06840 MAKES ONE GALLON\nPOLYURETHANE, HIGH SOLIDS, 2.8 VOC, AIRCRAFT APPLICATION.\nPAINT IS TO BE APPLIED OVER APPROVED MIL-PRF-23377 OR MIL-PRF-85582 PRIMERS TO 0.60 - .09 MILLS DFT\n\n\n<strong><i>QPL:</i></strong> MIL-PRF-85285E, TYPE I\n\n\n<strong><i>Color specs:</i></strong> GRAY FLAT FED-STD 36375<p><b><i>Notice:</i></b> This is a made-to-order product and has a lead time of 30 business days before it can be shiped.</p><hr />",,,taxable,,1,100,,0,0,23.00,9.00,15.00,9.00,0,,,393.50,"PAINTS > MIL-TOPCOAT",,,https://jdlindustries.com/wp-content/uploads/hentzen-mil-gallon-1024.jpg,,,,,,,,,0,fixed,1,"1:393.50,5:365.50,10:337.50,50:225.00,100:168.65",,,Color,GRAY,1,1,Weight,23.00,1,1,Manufacturer,HENTZEN,1,1,"Unit of Measure","1-GL KIT",1,1,UPC,,1,1,Barcode1,,1,1,Barcode2,,1,1,"Vendor SKU","K4712APX-T1 + CAT 06480CMU",1,1,Aviation,Yes,1,1,Marine,No,1,1,Industrial,No,1,1,Hazardous,Yes,1,1,Special packaging,Yes,1,1,Ship frozen,No,1,1,Family,PAINT,1,1,Lead time,30 business days,1,1,,,,
,simple,"HZKAD3247 _G","HZKAD3247 _G",1,0,visible,"MIL-PRF-85582, TYPE II, CLASS C2  W-REDUC. EPOXY PRIME\n\n\n<strong><i>QPL:</i></strong> MIL-PRF-85582 TYPE II CLASS II","MIL-PRF-85582, TYPE II, CLASS II  LOW GLOSS / LOW IR GREEN\nWR AQUAPRIME PRIMER / WATER REDUCIBLE EPOXY PRIMER ( 4 PARTS AD3247  TO 1 PART AD2304 )\n\n\n\n<strong><i>QPL:</i></strong> MIL-PRF-85582 TYPE II CLASS II<p><b><i>Notice:</i></b> This is a made-to-order product and has a lead time of 90 business days before it can be shiped.</p><hr />",,,taxable,,1,100,,0,0,23.00,9.00,15.00,9.00,0,,,328.95,"PAINTS > MIL-PRIMERS",,,https://jdlindustries.com/wp-content/uploads/hentzen-mil-gallon-1024.jpg,,,,,,,,,0,fixed,1,"1:328.95,5:301.75,10:275.00,50:219.50,100:164.50",,,Color,GREEN,1,1,Weight,23.00,1,1,Manufacturer,HENTZEN,1,1,"Unit of Measure",KIT,1,1,UPC,,1,1,Barcode1,,1,1,Barcode2,,1,1,"Vendor SKU","AD3247 / AD2304",1,1,Aviation,Yes,1,1,Marine,No,1,1,Industrial,No,1,1,Hazardous,Yes,1,1,Special packaging,Yes,1,1,Ship frozen,No,1,1,Family,PRIMER,1,1,Lead time,90 business days,1,1,,,,
,simple,HZKAD9318-FD_G,HZKAD9318-FD_G,1,0,visible,"MIL-PRF-23377K, TYPE I, CLASS C2 YELLOW 3/1 KIT\n\n\n<strong><i>QPL:</i></strong> MIL-PRF-23377K, TYPEI, CLASS C2\n\n\n<strong><i>Color specs:</i></strong> YELLOW","Yellow Hentzen's Aerospace High Performance Primer AD9318-FD/AD2298-FD.  This Epoxy Primer has been formulate to have excellent corrosion resistance and meet all the performance requirements of the specification.\n\n\n\n<strong><i>QPL:</i></strong> MIL-PRF-23377K, TYPEI, CLASS C2\n\n\n<strong><i>Color specs:</i></strong> YELLOW<p><b><i>Notice:</i></b> This is a made-to-order product and has a lead time of 3 business days before it can be shiped.</p><hr />",,,taxable,,1,5,,0,0,23.00,9.00,15.00,9.00,0,,,340.57,"PAINTS > MIL-PRIMERS",,,https://jdlindustries.com/wp-content/uploads/hentzen-mil-gallon-1024.jpg,,,,,,,,,0,fixed,1,"1:340.57,5:316.25,10:267.60,50:218.95,100:145.95",,,Color,YELLOW,1,1,Weight,23.00,1,1,Manufacturer,HENTZEN,1,1,"Unit of Measure","1-GL KIT",1,1,UPC,,1,1,Barcode1,"NSN 8010-01-416-6557",1,1,Barcode2,,1,1,"Vendor SKU","AD9318-FD - AD2298",1,1,Aviation,Yes,1,1,Marine,No,1,1,Industrial,No,1,1,Hazardous,Yes,1,1,Special packaging,Yes,1,1,Ship frozen,No,1,1,Family,PRIMER,1,1,Lead time,3 business days,1,1,,,,
,simple,HZKAD9320_G,HZKAD9320_G,1,0,visible,"MIL-PRF-85582, TYPE I, CLASS C-2  W-REDUC EPOXY PRIMER\n\n\n<strong><i>QPL:</i></strong> MIL-PRF-85582, TYPE I, CLASS C2\n\n\n<strong><i>Color specs:</i></strong> 072 DARK GREEN LOW GLOSS","MIL-PRF-85582, TYPE I, CLASS C2 ( 4 PARTS AD9420 TO 1 PART AD2304 )\nWE AQUAPRIME PRIMER / WATER REDUCIBLE EPOXY PRIMER\n\n\n\n<strong><i>QPL:</i></strong> MIL-PRF-85582, TYPE I, CLASS C2\n\n\n<strong><i>Color specs:</i></strong> 072 DARK GREEN LOW GLOSS<p><b><i>Notice:</i></b> This is a made-to-order product and has a lead time of 90 business days before it can be shiped.</p><hr />",,,taxable,,1,100,,0,0,23.00,9.00,15.00,9.00,0,,,331.50,"PAINTS > MIL-PRIMERS",,,https://jdlindustries.com/wp-content/uploads/hentzen-mil-gallon-1024.jpg,,,,,,,,,0,fixed,1,"1:331.50,5:303.85,10:276.25,50:221.00,100:165.75",,,Color,GREEN,1,1,Weight,23.00,1,1,Manufacturer,HENTZEN,1,1,"Unit of Measure",KIT,1,1,UPC,,1,1,Barcode1,,1,1,Barcode2,,1,1,"Vendor SKU","AD9320 / AD2304",1,1,Aviation,Yes,1,1,Marine,No,1,1,Industrial,No,1,1,Hazardous,Yes,1,1,Special packaging,No,1,1,Ship frozen,No,1,1,Family,PRIMER,1,1,Lead time,90 business days,1,1,,,,
,simple,HZKAD9325_G,HZKAD9325_G,1,0,visible,"MIL-PRF-23377, TYII, CLASS C2 GREEN EPOXY PRIMER 3/1\n\n\n<strong><i>QPL:</i></strong> MIL-PRF-23377, TYPE II, CLASS C2\n\n\n<strong><i>Color specs:</i></strong> GREEN LOW IR","MIL-PRF-23377, TYII, CLASS C2 GREEN EPOXY PRIMER \nLOW IR EPOXY PRIMER\n\n\n<strong><i>QPL:</i></strong> MIL-PRF-23377, TYPE II, CLASS C2\n\n\n<strong><i>Color specs:</i></strong> GREEN LOW IR",,,taxable,,1,3,,0,0,23.00,9.00,15.00,9.00,0,,,405.50,"PAINTS > MIL-PRIMERS",,,https://jdlindustries.com/wp-content/uploads/hentzen-mil-gallon-1024.jpg,,,,,,,,,0,fixed,1,"1:405.50,5:376.50,10:318.60,50:260.75,100:174.00",,,Color,GREEN,1,1,Weight,23.00,1,1,Manufacturer,HENTZEN,1,1,"Unit of Measure","1-GL KIT",1,1,UPC,,1,1,Barcode1,,1,1,Barcode2,,1,1,"Vendor SKU",AD9325-AD2298,1,1,Aviation,Yes,1,1,Marine,No,1,1,Industrial,No,1,1,Hazardous,Yes,1,1,Special packaging,No,1,1,Ship frozen,No,1,1,Family,PRIMER,1,1,Lead time,Available from stock,1,1,,,,
